Entity,Year,GDP_per_cap
China,1000,1389.74
China,1001,1396.59
China,1002,1403.47
China,1003,1410.39
China,1004,1417.34
China,1005,1424.33
China,1006,1431.35
China,1007,1438.4
China,1008,1445.49
China,1009,1452.61
China,1010,1459.77
China,1011,1466.97
China,1012,1474.2
China,1013,1481.46
China,1014,1488.76
China,1015,1496.1
China,1016,1503.47
China,1017,1510.88
China,1018,1518.33
China,1019,1525.81
China,1020,1533.33
China,1021,1531.27
China,1022,1529.22
China,1023,1527.16
China,1024,1525.11
China,1025,1523.06
China,1026,1521.02
China,1027,1518.97
China,1028,1516.93
China,1029,1514.89
China,1030,1512.86
China,1031,1510.83
China,1032,1508.8
China,1033,1506.77
China,1034,1504.75
China,1035,1502.72
China,1036,1500.71
China,1037,1498.69
China,1038,1496.68
China,1039,1494.67
China,1040,1492.66
China,1041,1490.65
China,1042,1488.65
China,1043,1486.65
China,1044,1484.65
China,1045,1482.66
China,1046,1480.67
China,1047,1478.68
China,1048,1476.69
China,1049,1474.71
China,1050,1472.73
China,1051,1464.92
China,1052,1457.15
China,1053,1449.42
China,1054,1441.74
China,1055,1434.09
China,1056,1426.48
China,1057,1418.92
China,1058,1411.4
China,1059,1403.91
China,1060,1396.47
China,1061,1389.06
China,1062,1381.69
China,1063,1374.37
China,1064,1367.08
China,1065,1359.83
China,1066,1352.62
China,1067,1345.45
China,1068,1338.31
China,1069,1331.21
China,1070,1324.15
China,1071,1317.13
China,1072,1310.15
China,1073,1303.2
China,1074,1296.29
China,1075,1289.41
China,1076,1282.58
China,1077,1275.77
China,1078,1269.01
China,1079,1262.28
China,1080,1255.59
China,1081,1248.93
China,1082,1242.3
China,1083,1235.72
China,1084,1229.16
China,1085,1222.65
China,1086,1216.16
China,1087,1211.71
China,1088,1207.28
China,1089,1202.87
China,1090,1198.47
China,1091,1194.09
China,1092,1189.72
China,1093,1185.37
China,1094,1181.04
China,1095,1176.72
China,1096,1172.42
China,1097,1168.13
China,1098,1163.86
China,1099,1159.6
China,1100,1155.36
China,1101,1151.14
China,1102,1146.93
China,1103,1142.73
China,1104,1138.55
China,1105,1134.39
China,1106,1130.24
China,1107,1126.11
China,1108,1121.99
China,1109,1117.89
China,1110,1113.8
China,1111,1109.73
China,1112,1105.67
China,1113,1101.63
China,1114,1097.6
China,1115,1093.59
China,1116,1089.59
China,1117,1085.6
China,1118,1081.63
China,1119,1077.68
China,1120,1073.74
China,1121,1073.35
China,1122,1072.96
China,1123,1072.57
China,1124,1072.18
China,1125,1071.79
China,1126,1071.39
China,1127,1071.01
China,1128,1070.62
China,1129,1070.23
China,1130,1069.84
China,1131,1069.45
China,1132,1069.06
China,1133,1068.67
China,1134,1068.28
China,1135,1067.89
China,1136,1067.5
China,1137,1067.11
China,1138,1066.73
China,1139,1066.34
China,1140,1065.95
China,1141,1065.56
China,1142,1065.17
China,1143,1064.79
China,1144,1064.4
China,1145,1064.01
China,1146,1063.62
China,1147,1063.24
China,1148,1062.85
China,1149,1062.46
China,1150,1062.08
China,1151,1061.69
China,1152,1061.3
China,1153,1060.92
China,1154,1060.53
China,1155,1060.15
China,1156,1059.76
China,1157,1059.37
China,1158,1058.99
China,1159,1058.6
China,1160,1058.22
China,1161,1057.83
China,1162,1057.45
China,1163,1057.06
China,1164,1056.68
China,1165,1056.29
China,1166,1055.91
China,1167,1055.52
China,1168,1055.14
China,1169,1054.76
China,1170,1054.37
China,1171,1053.99
China,1172,1053.61
China,1173,1053.22
China,1174,1052.84
China,1175,1052.46
China,1176,1052.07
China,1177,1051.69
China,1178,1051.31
China,1179,1050.92
China,1180,1050.54
China,1181,1050.16
China,1182,1049.78
China,1183,1049.4
China,1184,1049.01
China,1185,1048.63
China,1186,1048.25
China,1187,1047.87
China,1188,1047.49
China,1189,1047.11
China,1190,1046.72
China,1191,1046.34
China,1192,1045.96
China,1193,1045.58
China,1194,1045.2
China,1195,1044.82
China,1196,1044.44
China,1197,1044.06
China,1198,1043.68
China,1199,1043.3
China,1200,1042.92
China,1201,1042.54
China,1202,1042.16
China,1203,1041.78
China,1204,1041.4
China,1205,1041.03
China,1206,1040.65
China,1207,1040.27
China,1208,1039.89
China,1209,1039.51
China,1210,1039.13
China,1211,1038.75
China,1212,1038.38
China,1213,1038
China,1214,1037.62
China,1215,1037.24
China,1216,1036.87
China,1217,1036.49
China,1218,1036.11
China,1219,1035.73
China,1220,1035.36
China,1221,1034.98
China,1222,1034.6
China,1223,1034.23
China,1224,1033.85
China,1225,1033.47
China,1226,1033.1
China,1227,1032.72
China,1228,1032.35
China,1229,1031.97
China,1230,1031.6
China,1231,1031.22
China,1232,1030.84
China,1233,1030.47
China,1234,1030.09
China,1235,1029.72
China,1236,1029.34
China,1237,1028.97
China,1238,1028.6
China,1239,1028.22
China,1240,1027.85
China,1241,1027.47
China,1242,1027.1
China,1243,1026.73
China,1244,1026.35
China,1245,1025.98
China,1246,1025.61
China,1247,1025.23
China,1248,1024.86
China,1249,1024.49
China,1250,1024.11
China,1251,1023.74
China,1252,1023.37
China,1253,1023
China,1254,1022.62
China,1255,1022.25
China,1256,1021.88
China,1257,1021.51
China,1258,1021.14
China,1259,1020.76
China,1260,1020.39
China,1261,1020.02
China,1262,1019.65
China,1263,1019.28
China,1264,1018.91
China,1265,1018.54
China,1266,1018.17
China,1267,1017.8
China,1268,1017.43
China,1269,1017.05
China,1270,1016.68
China,1271,1016.31
China,1272,1015.94
China,1273,1015.58
China,1274,1015.21
China,1275,1014.84
China,1276,1014.47
China,1277,1014.1
China,1278,1013.73
China,1279,1013.36
China,1280,1012.99
China,1281,1012.62
China,1282,1012.25
China,1283,1011.89
China,1284,1011.52
China,1285,1011.15
China,1286,1010.78
China,1287,1010.41
China,1288,1010.05
China,1289,1009.68
China,1290,1009.31
China,1291,1008.94
China,1292,1008.58
China,1293,1008.21
China,1294,1007.84
China,1295,1007.48
China,1296,1007.11
China,1297,1006.74
China,1298,1006.38
China,1299,1006.01
China,1300,1005.64
China,1301,1005.28
China,1302,1004.91
China,1303,1004.55
China,1304,1004.18
China,1305,1003.81
China,1306,1003.45
China,1307,1003.08
China,1308,1002.72
China,1309,1002.35
China,1310,1001.99
China,1311,1001.62
China,1312,1001.26
China,1313,1000.9
China,1314,1000.53
China,1315,1000.17
China,1316,999.8
China,1317,999.44
China,1318,999.08
China,1319,998.71
China,1320,998.35
China,1321,997.99
China,1322,997.62
China,1323,997.26
China,1324,996.9
China,1325,996.53
China,1326,996.17
China,1327,995.81
China,1328,995.45
China,1329,995.08
China,1330,994.72
China,1331,994.36
China,1332,994
China,1333,993.64
China,1334,993.27
China,1335,992.91
China,1336,992.55
China,1337,992.19
China,1338,991.83
China,1339,991.47
China,1340,991.11
China,1341,990.75
China,1342,990.39
China,1343,990.03
China,1344,989.67
China,1345,989.31
China,1346,988.95
China,1347,988.59
China,1348,988.23
China,1349,987.87
China,1350,987.51
China,1351,987.15
China,1352,986.79
China,1353,986.43
China,1354,986.07
China,1355,985.71
China,1356,985.35
China,1357,984.99
China,1358,984.64
China,1359,984.28
China,1360,983.92
China,1361,983.56
China,1362,983.2
China,1363,982.84
China,1364,982.49
China,1365,982.13
China,1366,981.77
China,1367,981.41
China,1368,981.06
China,1369,980.7
China,1370,980.34
China,1371,979.99
China,1372,979.63
China,1373,979.27
China,1374,978.92
China,1375,978.56
China,1376,978.21
China,1377,977.85
China,1378,977.49
China,1379,977.14
China,1380,976.78
China,1381,976.43
China,1382,976.07
China,1383,975.72
China,1384,975.36
China,1385,975.01
China,1386,974.65
China,1387,974.3
China,1388,973.94
China,1389,973.59
China,1390,973.23
China,1391,972.88
China,1392,972.52
China,1393,972.17
China,1394,971.82
China,1395,971.46
China,1396,971.11
China,1397,970.76
China,1398,970.4
China,1399,970.05
China,1400,969.7
China,1401,970.16
China,1402,970.62
China,1403,971.08
China,1404,971.54
China,1405,972
China,1406,972.46
China,1407,972.92
China,1408,973.38
China,1409,973.84
China,1410,974.3
China,1411,974.76
China,1412,975.22
China,1413,975.68
China,1414,976.15
China,1415,976.61
China,1416,977.07
China,1417,977.53
China,1418,978
China,1419,978.46
China,1420,978.92
China,1421,979.39
China,1422,979.85
China,1423,980.32
China,1424,980.78
China,1425,981.24
China,1426,981.71
China,1427,982.17
China,1428,982.64
China,1429,983.1
China,1430,983.57
China,1431,984.04
China,1432,984.5
China,1433,984.97
China,1434,985.44
China,1435,985.9
China,1436,986.37
China,1437,986.84
China,1438,987.3
China,1439,987.77
China,1440,988.24
China,1441,988.71
China,1442,989.18
China,1443,989.64
China,1444,990.11
China,1445,990.58
China,1446,991.05
China,1447,991.52
China,1448,991.99
China,1449,992.46
China,1450,992.93
China,1451,995.65
China,1452,998.37
China,1453,1001.11
China,1454,1003.85
China,1455,1006.6
China,1456,1009.35
China,1457,1012.12
China,1458,1014.89
China,1459,1017.67
China,1460,1020.45
China,1461,1023.25
China,1462,1026.05
China,1463,1028.86
China,1464,1031.67
China,1465,1034.5
China,1466,1037.33
China,1467,1040.17
China,1468,1043.02
China,1469,1045.87
China,1470,1048.74
China,1471,1051.61
China,1472,1054.49
China,1473,1057.37
China,1474,1060.27
China,1475,1063.17
China,1476,1066.08
China,1477,1069
China,1478,1071.93
China,1479,1074.86
China,1480,1077.81
China,1481,1080.76
China,1482,1083.72
China,1483,1086.68
China,1484,1089.66
China,1485,1092.64
China,1486,1095.63
China,1487,1098.63
China,1488,1101.64
China,1489,1104.66
China,1490,1107.68
China,1491,1110.71
China,1492,1113.75
China,1493,1116.8
China,1494,1119.86
China,1495,1122.93
China,1496,1126
China,1497,1129.08
China,1498,1132.18
China,1499,1135.28
China,1500,1138.38
China,1501,1135.91
China,1502,1133.45
China,1503,1130.99
China,1504,1128.53
China,1505,1126.08
China,1506,1123.64
China,1507,1121.2
China,1508,1118.77
China,1509,1116.34
China,1510,1113.92
China,1511,1111.5
China,1512,1109.09
China,1513,1106.68
China,1514,1104.28
China,1515,1101.88
China,1516,1099.49
China,1517,1097.11
China,1518,1094.72
China,1519,1092.35
China,1520,1089.98
China,1521,1087.61
China,1522,1085.25
China,1523,1082.9
China,1524,1080.55
China,1525,1078.2
China,1526,1075.86
China,1527,1073.53
China,1528,1071.2
China,1529,1068.87
China,1530,1066.55
China,1531,1064.24
China,1532,1061.93
China,1533,1059.62
China,1534,1057.32
China,1535,1055.03
China,1536,1052.74
China,1537,1050.45
China,1538,1048.17
China,1539,1045.9
China,1540,1043.63
China,1541,1041.37
China,1542,1039.11
China,1543,1036.85
China,1544,1034.6
China,1545,1032.35
China,1546,1030.11
China,1547,1027.88
China,1548,1025.65
China,1549,1023.42
China,1550,1021.2
China,1551,1018.98
China,1552,1016.77
China,1553,1014.57
China,1554,1012.36
China,1555,1010.17
China,1556,1007.98
China,1557,1005.79
China,1558,1003.6
China,1559,1001.43
China,1560,999.25
China,1561,997.08
China,1562,994.92
China,1563,992.76
China,1564,990.61
China,1565,988.46
China,1566,986.31
China,1567,984.17
China,1568,982.04
China,1569,979.9
China,1570,977.78
China,1571,978.08
China,1572,978.38
China,1573,978.68
China,1574,978.99
China,1575,979.29
China,1576,979.59
China,1577,979.89
China,1578,980.19
China,1579,980.5
China,1580,980.8
China,1581,981.1
China,1582,981.4
China,1583,981.71
China,1584,982.01
China,1585,982.31
China,1586,982.62
China,1587,982.92
China,1588,983.22
China,1589,983.53
China,1590,983.83
China,1591,984.13
China,1592,984.44
China,1593,984.74
China,1594,985.04
China,1595,985.35
China,1596,985.65
China,1597,985.96
China,1598,986.26
China,1599,986.56
China,1600,986.87
China,1601,985.39
China,1602,983.91
China,1603,982.44
China,1604,980.97
China,1605,979.5
China,1606,978.03
China,1607,976.57
China,1608,975.11
China,1609,973.64
China,1610,972.19
China,1611,970.73
China,1612,969.28
China,1613,967.82
China,1614,966.37
China,1615,964.93
China,1616,963.48
China,1617,962.04
China,1618,960.6
China,1619,959.16
China,1620,957.72
China,1621,956.29
China,1622,954.86
China,1623,953.43
China,1624,952
China,1625,950.57
China,1626,949.15
China,1627,947.73
China,1628,946.31
China,1629,944.89
China,1630,943.47
China,1631,942.06
China,1632,940.65
China,1633,939.24
China,1634,937.83
China,1635,936.43
China,1636,935.03
China,1637,933.63
China,1638,932.23
China,1639,930.83
China,1640,929.44
China,1641,928.04
China,1642,926.65
China,1643,925.27
China,1644,923.88
China,1645,922.5
China,1646,921.12
China,1647,919.74
China,1648,918.36
China,1649,916.98
China,1650,915.61
China,1651,914.24
China,1652,912.87
China,1653,911.5
China,1654,910.14
China,1655,908.77
China,1656,907.41
China,1657,906.05
China,1658,904.7
China,1659,903.34
China,1660,901.99
China,1661,900.64
China,1662,899.29
China,1663,897.94
China,1664,896.59
China,1665,895.25
China,1666,893.91
China,1667,892.57
China,1668,891.24
China,1669,889.9
China,1670,888.57
China,1671,887.24
China,1672,885.91
China,1673,884.58
China,1674,883.26
China,1675,881.93
China,1676,880.61
China,1677,879.29
China,1678,877.98
China,1679,876.66
China,1680,875.35
China,1681,874.04
China,1682,872.73
China,1683,871.42
China,1684,870.11
China,1685,868.81
China,1686,867.51
China,1687,866.21
China,1688,864.91
China,1689,863.62
China,1690,862.32
China,1691,861.03
China,1692,859.74
China,1693,858.46
China,1694,857.17
China,1695,855.89
China,1696,854.6
China,1697,853.32
China,1698,852.05
China,1699,850.77
China,1700,849.49
China,1701,846.02
China,1702,842.55
China,1703,839.1
China,1704,835.67
China,1705,832.24
China,1706,828.84
China,1707,825.44
China,1708,822.06
China,1709,818.69
China,1710,815.34
China,1711,812
China,1712,808.68
China,1713,805.37
China,1714,802.07
China,1715,798.78
China,1716,795.51
China,1717,792.25
China,1718,789.01
China,1719,785.78
China,1720,782.56
China,1721,779.36
China,1722,776.17
China,1723,772.99
China,1724,769.82
China,1725,766.67
China,1726,763.53
China,1727,760.4
China,1728,757.29
China,1729,754.19
China,1730,751.1
China,1731,748.02
China,1732,744.96
China,1733,741.91
China,1734,738.87
China,1735,735.85
China,1736,732.83
China,1737,729.83
China,1738,726.84
China,1739,723.87
China,1740,720.9
China,1741,717.95
China,1742,715.01
China,1743,712.08
China,1744,709.17
China,1745,706.26
China,1746,703.37
China,1747,700.49
China,1748,697.62
China,1749,694.76
China,1750,691.92
China,1751,690.02
China,1752,688.12
China,1753,686.23
China,1754,684.35
China,1755,682.47
China,1756,680.6
China,1757,678.73
China,1758,676.86
China,1759,675
China,1760,673.15
China,1761,671.3
China,1762,669.46
China,1763,667.62
China,1764,665.79
China,1765,663.96
China,1766,662.13
China,1767,660.32
China,1768,658.5
China,1769,656.69
China,1770,654.89
China,1771,653.09
China,1772,651.3
China,1773,649.51
China,1774,647.73
China,1775,645.95
China,1776,644.17
China,1777,642.4
China,1778,640.64
China,1779,638.88
China,1780,637.13
China,1781,635.38
China,1782,633.63
China,1783,631.89
China,1784,630.16
China,1785,628.43
China,1786,626.7
China,1787,624.98
China,1788,623.26
China,1789,621.55
China,1790,619.84
China,1791,618.14
China,1792,616.44
China,1793,614.75
China,1794,613.06
China,1795,611.38
China,1796,609.7
China,1797,608.03
China,1798,606.36
China,1799,604.69
China,1800,603.03
China,1801,602.97
China,1802,602.91
China,1803,602.85
China,1804,602.79
China,1805,602.73
China,1806,602.67
China,1807,602.61
China,1808,602.54
China,1809,602.48
China,1810,602.42
China,1811,602.36
China,1812,602.3
China,1813,602.24
China,1814,602.18
China,1815,602.12
China,1816,602.06
China,1817,602
China,1818,601.94
China,1819,601.88
China,1820,601.82
China,1821,601.76
China,1822,601.7
China,1823,601.63
China,1824,601.57
China,1825,601.51
China,1826,601.45
China,1827,601.39
China,1828,601.33
China,1829,601.27
China,1830,601.21
China,1831,601.15
China,1832,601.09
China,1833,601.03
China,1834,600.97
China,1835,600.91
China,1836,600.85
China,1837,600.79
China,1838,600.73
China,1839,600.67
China,1840,600.6
China,1841,600.54
China,1842,600.48
China,1843,600.42
China,1844,600.36
China,1845,600.3
China,1846,600.24
China,1847,600.18
China,1848,600.12
China,1849,600.06
China,1850,600
China,1851,596.29
China,1852,592.6
China,1853,588.94
China,1854,585.3
China,1855,581.68
China,1856,578.08
China,1857,574.51
China,1858,570.95
China,1859,567.42
China,1860,563.91
China,1861,560.43
China,1862,556.96
China,1863,553.52
China,1864,550.1
China,1865,546.69
China,1866,543.31
China,1867,539.95
China,1868,536.62
China,1869,533.3
China,1870,530
China,1871,530.52
China,1872,531.04
China,1873,531.56
China,1874,532.08
China,1875,532.6
China,1876,533.12
China,1877,533.64
China,1878,534.16
China,1879,534.69
China,1880,535.21
China,1881,535.73
China,1882,536.26
China,1883,536.78
China,1884,537.31
China,1885,537.83
China,1886,538.36
China,1887,538.89
China,1888,539.41
China,1889,539.94
China,1890,540.47
China,1891,540.96
China,1892,541.45
China,1893,541.94
China,1894,542.43
China,1895,542.92
China,1896,543.41
China,1897,543.91
China,1898,544.4
China,1899,544.89
China,1900,545.39
China,1901,545.91
China,1902,546.44
China,1903,546.97
China,1904,547.5
China,1905,548.03
China,1906,548.56
China,1907,549.1
China,1908,549.63
China,1909,550.16
China,1910,550.69
China,1911,551.23
China,1912,551.76
China,1913,552.3
China,1914,552.93
China,1915,553.56
China,1916,554.2
China,1917,554.83
China,1918,555.46
China,1919,556.1
China,1920,556.74
China,1921,557.37
China,1922,558.01
China,1923,558.65
China,1924,559.29
China,1925,559.93
China,1926,560.57
China,1927,561.21
China,1928,561.85
China,1929,562.5
China,1930,567.62
China,1931,569.16
China,1932,582.91
China,1933,578.61
China,1934,525.41
China,1935,564.83
China,1936,597.36
China,1937,579.75
China,1938,562.31
China,1939,551.76
China,1940,541.41
China,1941,531.26
China,1942,521.29
China,1943,511.52
China,1944,501.92
China,1945,492.51
China,1946,483.27
China,1947,474.21
China,1948,465.31
China,1949,456.59
China,1950,448.02
China,1951,491.02
China,1952,537.61
China,1953,552.18
China,1954,556.94
China,1955,576.53
China,1956,616.11
China,1957,635.99
China,1958,690.37
China,1959,686.39
China,1960,662.14
China,1961,552.89
China,1962,550.44
China,1963,590.29
China,1964,644.82
China,1965,701.59
China,1966,746.32
China,1967,706.92
China,1968,674.91
China,1969,712.97
China,1970,778.35
China,1971,794.96
China,1972,798.33
China,1973,838.39
China,1974,835.15
China,1975,871.18
China,1976,852.67
China,1977,893.63
China,1978,977.95
China,1979,1039.41
China,1980,1061.05
China,1981,1110.19
China,1982,1186.05
China,1983,1257.74
China,1984,1395.86
China,1985,1519.15
China,1986,1597.01
China,1987,1737.05
China,1988,1830.04
China,1989,1834.19
China,1990,1870.93
China,1991,1967.18
China,1992,2132.18
China,1993,2311.82
China,1994,2514.66
China,1995,2863.48
China,1996,2891.99
China,1997,3013.35
China,1998,2993.19
China,1999,3162.23
China,2000,3420.87
China,2001,3758.93
China,2002,4197.15
China,2003,4802.84
China,2004,5168.71
China,2005,5575.37
China,2006,6047.56
China,2007,6303.02
China,2008,6724.78
China,2009,7308.2
China,2010,8031.94
China,2011,8750.51
China,2012,9380.89
China,2013,10057.56
China,2014,10743.74
China,2015,11433.48
India,1600,682
India,1601,681.09
India,1602,680.18
India,1603,679.28
India,1604,678.37
India,1605,677.47
India,1606,676.56
India,1607,675.66
India,1608,674.76
India,1609,673.86
India,1610,672.96
India,1611,672.07
India,1612,671.17
India,1613,670.28
India,1614,669.38
India,1615,668.49
India,1616,667.6
India,1617,666.71
India,1618,665.82
India,1619,664.93
India,1620,664.05
India,1621,663.16
India,1622,662.28
India,1623,661.4
India,1624,660.51
India,1625,659.63
India,1626,658.75
India,1627,657.88
India,1628,657
India,1629,656.12
India,1630,655.25
India,1631,654.38
India,1632,653.5
India,1633,652.63
India,1634,651.76
India,1635,650.89
India,1636,650.03
India,1637,649.16
India,1638,648.29
India,1639,647.43
India,1640,646.57
India,1641,645.7
India,1642,644.84
India,1643,643.98
India,1644,643.13
India,1645,642.27
India,1646,641.41
India,1647,640.56
India,1648,639.7
India,1649,638.85
India,1650,638
India,1651,637.68
India,1652,637.35
India,1653,637.03
India,1654,636.7
India,1655,636.38
India,1656,636.06
India,1657,635.74
India,1658,635.41
India,1659,635.09
India,1660,634.77
India,1661,634.45
India,1662,634.12
India,1663,633.8
India,1664,633.48
India,1665,633.16
India,1666,632.84
India,1667,632.51
India,1668,632.19
India,1669,631.87
India,1670,631.55
India,1671,631.23
India,1672,630.91
India,1673,630.59
India,1674,630.27
India,1675,629.95
India,1676,629.63
India,1677,629.31
India,1678,628.99
India,1679,628.67
India,1680,628.35
India,1681,628.03
India,1682,627.71
India,1683,627.39
India,1684,627.08
India,1685,626.76
India,1686,626.44
India,1687,626.12
India,1688,625.8
India,1689,625.49
India,1690,625.17
India,1691,624.85
India,1692,624.53
India,1693,624.22
India,1694,623.9
India,1695,623.58
India,1696,623.27
India,1697,622.95
India,1698,622.63
India,1699,622.32
India,1700,622
India,1701,620.98
India,1702,619.96
India,1703,618.95
India,1704,617.93
India,1705,616.92
India,1706,615.91
India,1707,614.9
India,1708,613.89
India,1709,612.88
India,1710,611.88
India,1711,610.87
India,1712,609.87
India,1713,608.87
India,1714,607.87
India,1715,606.88
India,1716,605.88
India,1717,604.89
India,1718,603.9
India,1719,602.9
India,1720,601.92
India,1721,600.93
India,1722,599.94
India,1723,598.96
India,1724,597.98
India,1725,597
India,1726,596.02
India,1727,595.04
India,1728,594.07
India,1729,593.09
India,1730,592.12
India,1731,591.15
India,1732,590.18
India,1733,589.21
India,1734,588.24
India,1735,587.28
India,1736,586.32
India,1737,585.36
India,1738,584.4
India,1739,583.44
India,1740,582.48
India,1741,581.53
India,1742,580.57
India,1743,579.62
India,1744,578.67
India,1745,577.72
India,1746,576.77
India,1747,575.83
India,1748,574.88
India,1749,573.94
India,1750,573
India,1751,572.92
India,1752,572.84
India,1753,572.76
India,1754,572.68
India,1755,572.6
India,1756,572.52
India,1757,572.44
India,1758,572.36
India,1759,572.28
India,1760,572.2
India,1761,572.12
India,1762,572.04
India,1763,571.96
India,1764,571.88
India,1765,571.8
India,1766,571.72
India,1767,571.64
India,1768,571.56
India,1769,571.48
India,1770,571.4
India,1771,571.32
India,1772,571.24
India,1773,571.16
India,1774,571.08
India,1775,571
India,1776,570.92
India,1777,570.84
India,1778,570.76
India,1779,570.68
India,1780,570.6
India,1781,570.52
India,1782,570.44
India,1783,570.36
India,1784,570.28
India,1785,570.2
India,1786,570.12
India,1787,570.04
India,1788,569.96
India,1789,569.88
India,1790,569.8
India,1791,569.72
India,1792,569.64
India,1793,569.56
India,1794,569.48
India,1795,569.4
India,1796,569.32
India,1797,569.24
India,1798,569.16
India,1799,569.08
India,1800,569
India,1801,568.74
India,1802,568.47
India,1803,568.21
India,1804,567.95
India,1805,567.69
India,1806,567.42
India,1807,567.16
India,1808,566.9
India,1809,566.64
India,1810,566.38
India,1811,566.11
India,1812,565.85
India,1813,565.59
India,1814,565.33
India,1815,565.07
India,1816,564.81
India,1817,564.55
India,1818,564.29
India,1819,564.02
India,1820,563.76
India,1821,563.5
India,1822,563.24
India,1823,562.98
India,1824,562.72
India,1825,562.46
India,1826,562.2
India,1827,561.94
India,1828,561.68
India,1829,561.42
India,1830,561.16
India,1831,560.9
India,1832,560.65
India,1833,560.39
India,1834,560.13
India,1835,559.87
India,1836,559.61
India,1837,559.35
India,1838,559.09
India,1839,558.83
India,1840,558.58
India,1841,558.32
India,1842,558.06
India,1843,557.8
India,1844,557.54
India,1845,557.29
India,1846,557.03
India,1847,556.77
India,1848,556.51
India,1849,556.26
India,1850,556
India,1851,554.83
India,1852,553.67
India,1853,552.51
India,1854,551.35
India,1855,550.19
India,1856,549.04
India,1857,547.89
India,1858,546.74
India,1859,545.59
India,1860,544.45
India,1861,543.3
India,1862,542.16
India,1863,541.03
India,1864,539.89
India,1865,538.76
India,1866,537.63
India,1867,536.5
India,1868,535.37
India,1869,534.25
India,1870,533.13
India,1871,534.35
India,1872,535.58
India,1873,536.81
India,1874,538.04
India,1875,539.28
India,1876,540.52
India,1877,541.76
India,1878,543
India,1879,544.25
India,1880,545.5
India,1881,546.75
India,1882,548
India,1883,549.26
India,1884,550.52
India,1885,566.73
India,1886,547.77
India,1887,571.69
India,1888,575.87
India,1889,559.19
India,1890,584.14
India,1891,529.5
India,1892,571.02
India,1893,584.46
India,1894,592.4
India,1895,576.83
India,1896,533.37
India,1897,629.74
India,1898,629.94
India,1899,579.88
India,1900,599.18
India,1901,607.82
India,1902,654.53
India,1903,659.79
India,1904,658.87
India,1905,642.98
India,1906,657.33
India,1907,613.79
India,1908,618.83
India,1909,699.64
India,1910,696.59
India,1911,690.71
India,1912,688.68
India,1913,672.51
India,1914,708.55
India,1915,690.7
India,1916,710.16
India,1917,696.66
India,1918,607.02
India,1919,690.24
India,1920,634.98
India,1921,679.42
India,1922,701.01
India,1923,671.27
India,1924,697.07
India,1925,698.27
India,1926,712.9
India,1927,705.96
India,1928,705.93
India,1929,727.74
India,1930,725.62
India,1931,711.11
India,1932,709.11
India,1933,699.84
India,1934,696.6
India,1935,680.42
India,1936,697.01
India,1937,676.11
India,1938,668.37
India,1939,673.63
India,1940,686.28
India,1941,690.66
India,1942,679.48
India,1943,698.17
India,1944,682.83
India,1945,663.99
India,1946,621.78
India,1947,617.57
India,1948,616.93
India,1949,624.31
India,1950,619
India,1951,622.91
India,1952,629.43
India,1953,656.89
India,1954,671.66
India,1955,675.64
India,1956,700.69
India,1957,679.52
India,1958,715.64
India,1959,717.13
India,1960,753.25
India,1961,758.43
India,1962,758.16
India,1963,778.97
India,1964,821.23
India,1965,770.75
India,1966,762.03
India,1967,807.01
India,1968,808.7
India,1969,844.75
India,1970,867.99
India,1971,856.21
India,1972,833.8
India,1973,853.16
India,1974,843.42
India,1975,897.34
India,1976,889.36
India,1977,936.65
India,1978,965.58
India,1979,895.35
India,1980,938.44
India,1981,976.71
India,1982,985.46
India,1983,1042.8
India,1984,1059.6
India,1985,1078.6
India,1986,1101.15
India,1987,1124.56
India,1988,1215.93
India,1989,1269.97
India,1990,1308.82
India,1991,1304.65
India,1992,1350.32
India,1993,1401.47
India,1994,1464.24
India,1995,1542.54
India,1996,1635.41
India,1997,1674.99
India,1998,1755.05
India,1999,1835.3
India,2000,1882.38
India,2001,1956.78
India,2002,1996.52
India,2003,2129.73
India,2004,2273.2
India,2005,2423.79
India,2006,2612.36
India,2007,2810.01
India,2008,2951.61
India,2009,3154.12
India,2010,3371.6
India,2011,3581.13
India,2012,3703.99
India,2013,3888.02
India,2014,4108.22
India,2015,4354.44
Italy,1000,1430.73
Italy,1001,1431.32
Italy,1002,1431.91
Italy,1003,1432.51
Italy,1004,1433.1
Italy,1005,1433.69
Italy,1006,1434.29
Italy,1007,1434.88
Italy,1008,1435.48
Italy,1009,1436.07
Italy,1010,1436.66
Italy,1011,1437.26
Italy,1012,1437.85
Italy,1013,1438.45
Italy,1014,1439.05
Italy,1015,1439.64
Italy,1016,1440.24
Italy,1017,1440.83
Italy,1018,1441.43
Italy,1019,1442.03
Italy,1020,1442.63
Italy,1021,1443.22
Italy,1022,1443.82
Italy,1023,1444.42
Italy,1024,1445.02
Italy,1025,1445.61
Italy,1026,1446.21
Italy,1027,1446.81
Italy,1028,1447.41
Italy,1029,1448.01
Italy,1030,1448.61
Italy,1031,1449.21
Italy,1032,1449.81
Italy,1033,1450.41
Italy,1034,1451.01
Italy,1035,1451.61
Italy,1036,1452.21
Italy,1037,1452.82
Italy,1038,1453.42
Italy,1039,1454.02
Italy,1040,1454.62
Italy,1041,1455.22
Italy,1042,1455.83
Italy,1043,1456.43
Italy,1044,1457.03
Italy,1045,1457.64
Italy,1046,1458.24
Italy,1047,1458.84
Italy,1048,1459.45
Italy,1049,1460.05
Italy,1050,1460.66
Italy,1051,1461.26
Italy,1052,1461.87
Italy,1053,1462.47
Italy,1054,1463.08
Italy,1055,1463.68
Italy,1056,1464.29
Italy,1057,1464.9
Italy,1058,1465.5
Italy,1059,1466.11
Italy,1060,1466.72
Italy,1061,1467.32
Italy,1062,1467.93
Italy,1063,1468.54
Italy,1064,1469.15
Italy,1065,1469.76
Italy,1066,1470.36
Italy,1067,1470.97
Italy,1068,1471.58
Italy,1069,1472.19
Italy,1070,1472.8
Italy,1071,1473.41
Italy,1072,1474.02
Italy,1073,1474.63
Italy,1074,1475.24
Italy,1075,1475.85
Italy,1076,1476.46
Italy,1077,1477.08
Italy,1078,1477.69
Italy,1079,1478.3
Italy,1080,1478.91
Italy,1081,1479.52
Italy,1082,1480.14
Italy,1083,1480.75
Italy,1084,1481.36
Italy,1085,1481.98
Italy,1086,1482.59
Italy,1087,1483.2
Italy,1088,1483.82
Italy,1089,1484.43
Italy,1090,1485.05
Italy,1091,1485.66
Italy,1092,1486.28
Italy,1093,1486.89
Italy,1094,1487.51
Italy,1095,1488.13
Italy,1096,1488.74
Italy,1097,1489.36
Italy,1098,1489.97
Italy,1099,1490.59
Italy,1100,1491.21
Italy,1101,1491.83
Italy,1102,1492.44
Italy,1103,1493.06
Italy,1104,1493.68
Italy,1105,1494.3
Italy,1106,1494.92
Italy,1107,1495.54
Italy,1108,1496.16
Italy,1109,1496.78
Italy,1110,1497.4
Italy,1111,1498.02
Italy,1112,1498.64
Italy,1113,1499.26
Italy,1114,1499.88
Italy,1115,1500.5
Italy,1116,1501.12
Italy,1117,1501.74
Italy,1118,1502.36
Italy,1119,1502.99
Italy,1120,1503.61
Italy,1121,1504.23
Italy,1122,1504.85
Italy,1123,1505.48
Italy,1124,1506.1
Italy,1125,1506.72
Italy,1126,1507.35
Italy,1127,1507.97
Italy,1128,1508.6
Italy,1129,1509.22
Italy,1130,1509.85
Italy,1131,1510.47
Italy,1132,1511.1
Italy,1133,1511.72
Italy,1134,1512.35
Italy,1135,1512.98
Italy,1136,1513.6
Italy,1137,1514.23
Italy,1138,1514.86
Italy,1139,1515.48
Italy,1140,1516.11
Italy,1141,1516.74
Italy,1142,1517.37
Italy,1143,1518
Italy,1144,1518.62
Italy,1145,1519.25
Italy,1146,1519.88
Italy,1147,1520.51
Italy,1148,1521.14
Italy,1149,1521.77
Italy,1150,1522.4
Italy,1151,1523.03
Italy,1152,1523.66
Italy,1153,1524.29
Italy,1154,1524.92
Italy,1155,1525.56
Italy,1156,1526.19
Italy,1157,1526.82
Italy,1158,1527.45
Italy,1159,1528.08
Italy,1160,1528.72
Italy,1161,1529.35
Italy,1162,1529.98
Italy,1163,1530.62
Italy,1164,1531.25
Italy,1165,1531.89
Italy,1166,1532.52
Italy,1167,1533.15
Italy,1168,1533.79
Italy,1169,1534.42
Italy,1170,1535.06
Italy,1171,1535.7
Italy,1172,1536.33
Italy,1173,1536.97
Italy,1174,1537.6
Italy,1175,1538.24
Italy,1176,1538.88
Italy,1177,1539.52
Italy,1178,1540.15
Italy,1179,1540.79
Italy,1180,1541.43
Italy,1181,1542.07
Italy,1182,1542.71
Italy,1183,1543.34
Italy,1184,1543.98
Italy,1185,1544.62
Italy,1186,1545.26
Italy,1187,1545.9
Italy,1188,1546.54
Italy,1189,1547.18
Italy,1190,1547.82
Italy,1191,1548.47
Italy,1192,1549.11
Italy,1193,1549.75
Italy,1194,1550.39
Italy,1195,1551.03
Italy,1196,1551.67
Italy,1197,1552.32
Italy,1198,1552.96
Italy,1199,1553.6
Italy,1200,1554.25
Italy,1201,1554.89
Italy,1202,1555.53
Italy,1203,1556.18
Italy,1204,1556.82
Italy,1205,1557.47
Italy,1206,1558.11
Italy,1207,1558.76
Italy,1208,1559.4
Italy,1209,1560.05
Italy,1210,1560.69
Italy,1211,1561.34
Italy,1212,1561.99
Italy,1213,1562.63
Italy,1214,1563.28
Italy,1215,1563.93
Italy,1216,1564.58
Italy,1217,1565.22
Italy,1218,1565.87
Italy,1219,1566.52
Italy,1220,1567.17
Italy,1221,1567.82
Italy,1222,1568.47
Italy,1223,1569.12
Italy,1224,1569.77
Italy,1225,1570.42
Italy,1226,1571.07
Italy,1227,1571.72
Italy,1228,1572.37
Italy,1229,1573.02
Italy,1230,1573.67
Italy,1231,1574.32
Italy,1232,1574.98
Italy,1233,1575.63
Italy,1234,1576.28
Italy,1235,1576.93
Italy,1236,1577.59
Italy,1237,1578.24
Italy,1238,1578.89
Italy,1239,1579.55
Italy,1240,1580.2
Italy,1241,1580.85
Italy,1242,1581.51
Italy,1243,1582.16
Italy,1244,1582.82
Italy,1245,1583.48
Italy,1246,1584.13
Italy,1247,1584.79
Italy,1248,1585.44
Italy,1249,1586.1
Italy,1250,1586.76
Italy,1251,1587.41
Italy,1252,1588.07
Italy,1253,1588.73
Italy,1254,1589.39
Italy,1255,1590.04
Italy,1256,1590.7
Italy,1257,1591.36
Italy,1258,1592.02
Italy,1259,1592.68
Italy,1260,1593.34
Italy,1261,1594
Italy,1262,1594.66
Italy,1263,1595.32
Italy,1264,1595.98
Italy,1265,1596.64
Italy,1266,1597.3
Italy,1267,1597.96
Italy,1268,1598.63
Italy,1269,1599.29
Italy,1270,1599.95
Italy,1271,1600.61
Italy,1272,1601.28
Italy,1273,1601.94
Italy,1274,1602.6
Italy,1275,1603.27
Italy,1276,1603.93
Italy,1277,1604.59
Italy,1278,1605.26
Italy,1279,1605.92
Italy,1280,1606.59
Italy,1281,1607.25
Italy,1282,1607.92
Italy,1283,1608.59
Italy,1284,1609.25
Italy,1285,1609.92
Italy,1286,1610.58
Italy,1287,1611.25
Italy,1288,1611.92
Italy,1289,1612.59
Italy,1290,1613.25
Italy,1291,1613.92
Italy,1292,1614.59
Italy,1293,1615.26
Italy,1294,1615.93
Italy,1295,1616.6
Italy,1296,1617.27
Italy,1297,1617.94
Italy,1298,1618.61
Italy,1299,1619.28
Italy,1300,1619.95
Italy,1301,1617.7
Italy,1302,1615.45
Italy,1303,1613.21
Italy,1304,1610.97
Italy,1305,1608.73
Italy,1306,1606.5
Italy,1307,1604.27
Italy,1308,1602.04
Italy,1309,1599.82
Italy,1310,1597.6
Italy,1311,1595.38
Italy,1312,1593.16
Italy,1313,1590.95
Italy,1314,1588.74
Italy,1315,1586.54
Italy,1316,1584.33
Italy,1317,1582.13
Italy,1318,1579.94
Italy,1319,1577.74
Italy,1320,1575.55
Italy,1321,1573.36
Italy,1322,1571.18
Italy,1323,1569
Italy,1324,1566.82
Italy,1325,1564.64
Italy,1326,1562.47
Italy,1327,1560.3
Italy,1328,1558.14
Italy,1329,1555.97
Italy,1330,1553.81
Italy,1331,1551.66
Italy,1332,1549.5
Italy,1333,1547.35
Italy,1334,1545.2
Italy,1335,1543.06
Italy,1336,1540.91
Italy,1337,1538.77
Italy,1338,1536.64
Italy,1339,1534.5
Italy,1340,1532.37
Italy,1341,1530.25
Italy,1342,1528.12
Italy,1343,1526
Italy,1344,1523.88
Italy,1345,1521.76
Italy,1346,1519.65
Italy,1347,1517.54
Italy,1348,1515.43
Italy,1349,1519.64
Italy,1350,1523.87
Italy,1351,1528.1
Italy,1352,1532.34
Italy,1353,1536.6
Italy,1354,1540.87
Italy,1355,1545.15
Italy,1356,1549.44
Italy,1357,1553.75
Italy,1358,1558.06
Italy,1359,1562.39
Italy,1360,1566.73
Italy,1361,1571.08
Italy,1362,1575.45
Italy,1363,1579.82
Italy,1364,1584.21
Italy,1365,1588.61
Italy,1366,1593.03
Italy,1367,1597.45
Italy,1368,1601.89
Italy,1369,1606.34
Italy,1370,1610.8
Italy,1371,1615.27
Italy,1372,1619.76
Italy,1373,1624.26
Italy,1374,1628.77
Italy,1375,1633.3
Italy,1376,1637.83
Italy,1377,1642.38
Italy,1378,1646.95
Italy,1379,1651.52
Italy,1380,1656.11
Italy,1381,1660.71
Italy,1382,1665.32
Italy,1383,1669.95
Italy,1384,1674.59
Italy,1385,1679.24
Italy,1386,1683.91
Italy,1387,1688.58
Italy,1388,1693.27
Italy,1389,1697.98
Italy,1390,1702.69
Italy,1391,1707.42
Italy,1392,1712.17
Italy,1393,1716.92
Italy,1394,1721.69
Italy,1395,1726.48
Italy,1396,1731.27
Italy,1397,1736.08
Italy,1398,1740.9
Italy,1399,1745.74
Italy,1400,1750.59
Italy,1401,1748.26
Italy,1402,1745.94
Italy,1403,1743.63
Italy,1404,1741.31
Italy,1405,1739
Italy,1406,1736.69
Italy,1407,1734.39
Italy,1408,1732.09
Italy,1409,1729.79
Italy,1410,1727.49
Italy,1411,1725.2
Italy,1412,1722.91
Italy,1413,1720.62
Italy,1414,1718.34
Italy,1415,1716.06
Italy,1416,1713.78
Italy,1417,1711.5
Italy,1418,1709.23
Italy,1419,1706.96
Italy,1420,1704.7
Italy,1421,1702.43
Italy,1422,1700.18
Italy,1423,1697.92
Italy,1424,1695.66
Italy,1425,1693.41
Italy,1426,1691.17
Italy,1427,1688.92
Italy,1428,1686.68
Italy,1429,1684.44
Italy,1430,1682.21
Italy,1431,1679.97
Italy,1432,1677.74
Italy,1433,1675.52
Italy,1434,1673.29
Italy,1435,1671.07
Italy,1436,1668.85
Italy,1437,1666.64
Italy,1438,1664.43
Italy,1439,1662.22
Italy,1440,1660.01
Italy,1441,1657.81
Italy,1442,1655.61
Italy,1443,1653.41
Italy,1444,1651.21
Italy,1445,1649.02
Italy,1446,1646.83
Italy,1447,1644.65
Italy,1448,1642.46
Italy,1449,1640.28
Italy,1450,1638.11
Italy,1451,1635.93
Italy,1452,1633.76
Italy,1453,1631.59
Italy,1454,1629.43
Italy,1455,1627.26
Italy,1456,1625.1
Italy,1457,1622.95
Italy,1458,1620.79
Italy,1459,1618.64
Italy,1460,1616.49
Italy,1461,1614.35
Italy,1462,1612.21
Italy,1463,1610.07
Italy,1464,1607.93
Italy,1465,1605.79
Italy,1466,1603.66
Italy,1467,1601.53
Italy,1468,1599.41
Italy,1469,1597.29
Italy,1470,1595.17
Italy,1471,1593.05
Italy,1472,1590.93
Italy,1473,1588.82
Italy,1474,1586.71
Italy,1475,1584.61
Italy,1476,1582.5
Italy,1477,1580.4
Italy,1478,1578.31
Italy,1479,1576.21
Italy,1480,1574.12
Italy,1481,1572.03
Italy,1482,1569.94
Italy,1483,1567.86
Italy,1484,1565.78
Italy,1485,1563.7
Italy,1486,1561.62
Italy,1487,1559.55
Italy,1488,1557.48
Italy,1489,1555.41
Italy,1490,1553.35
Italy,1491,1551.29
Italy,1492,1549.23
Italy,1493,1547.17
Italy,1494,1545.12
Italy,1495,1543.07
Italy,1496,1541.02
Italy,1497,1538.97
Italy,1498,1536.93
Italy,1499,1534.89
Italy,1500,1532.85
Italy,1501,1531.77
Italy,1502,1530.69
Italy,1503,1529.61
Italy,1504,1528.52
Italy,1505,1527.44
Italy,1506,1526.36
Italy,1507,1525.28
Italy,1508,1524.21
Italy,1509,1523.13
Italy,1510,1522.05
Italy,1511,1520.98
Italy,1512,1519.9
Italy,1513,1518.83
Italy,1514,1517.75
Italy,1515,1516.68
Italy,1516,1515.61
Italy,1517,1514.54
Italy,1518,1513.47
Italy,1519,1512.4
Italy,1520,1511.33
Italy,1521,1510.26
Italy,1522,1509.19
Italy,1523,1508.12
Italy,1524,1507.06
Italy,1525,1505.99
Italy,1526,1504.93
Italy,1527,1503.86
Italy,1528,1502.8
Italy,1529,1501.74
Italy,1530,1500.68
Italy,1531,1499.62
Italy,1532,1498.56
Italy,1533,1497.5
Italy,1534,1496.44
Italy,1535,1495.38
Italy,1536,1494.32
Italy,1537,1493.27
Italy,1538,1492.21
Italy,1539,1491.16
Italy,1540,1490.1
Italy,1541,1489.05
Italy,1542,1488
Italy,1543,1486.94
Italy,1544,1485.89
Italy,1545,1484.84
Italy,1546,1483.79
Italy,1547,1482.74
Italy,1548,1481.7
Italy,1549,1480.65
Italy,1550,1479.6
Italy,1551,1478.56
Italy,1552,1477.51
Italy,1553,1476.47
Italy,1554,1475.42
Italy,1555,1474.38
Italy,1556,1473.34
Italy,1557,1472.3
Italy,1558,1471.26
Italy,1559,1470.22
Italy,1560,1469.18
Italy,1561,1468.14
Italy,1562,1467.1
Italy,1563,1466.06
Italy,1564,1465.03
Italy,1565,1463.99
Italy,1566,1462.96
Italy,1567,1461.92
Italy,1568,1460.89
Italy,1569,1459.86
Italy,1570,1458.82
Italy,1571,1455.52
Italy,1572,1452.23
Italy,1573,1448.95
Italy,1574,1445.67
Italy,1575,1442.4
Italy,1576,1439.14
Italy,1577,1435.88
Italy,1578,1432.64
Italy,1579,1429.4
Italy,1580,1426.16
Italy,1581,1422.94
Italy,1582,1419.72
Italy,1583,1416.51
Italy,1584,1413.31
Italy,1585,1410.11
Italy,1586,1406.92
Italy,1587,1403.74
Italy,1588,1400.56
Italy,1589,1397.39
Italy,1590,1394.23
Italy,1591,1391.08
Italy,1592,1387.93
Italy,1593,1384.8
Italy,1594,1381.66
Italy,1595,1378.54
Italy,1596,1375.42
Italy,1597,1372.31
Italy,1598,1369.21
Italy,1599,1366.11
Italy,1600,1363.02
Italy,1601,1363.71
Italy,1602,1364.4
Italy,1603,1365.09
Italy,1604,1365.78
Italy,1605,1366.46
Italy,1606,1367.15
Italy,1607,1367.84
Italy,1608,1368.54
Italy,1609,1369.23
Italy,1610,1369.92
Italy,1611,1370.61
Italy,1612,1371.3
Italy,1613,1371.99
Italy,1614,1372.69
Italy,1615,1373.38
Italy,1616,1374.07
Italy,1617,1374.77
Italy,1618,1375.46
Italy,1619,1376.16
Italy,1620,1376.85
Italy,1621,1377.55
Italy,1622,1378.24
Italy,1623,1378.94
Italy,1624,1379.63
Italy,1625,1380.33
Italy,1626,1381.03
Italy,1627,1381.72
Italy,1628,1382.42
Italy,1629,1383.12
Italy,1630,1383.82
Italy,1631,1384.52
Italy,1632,1385.21
Italy,1633,1385.91
Italy,1634,1386.61
Italy,1635,1387.31
Italy,1636,1388.01
Italy,1637,1388.72
Italy,1638,1389.42
Italy,1639,1390.12
Italy,1640,1390.82
Italy,1641,1391.52
Italy,1642,1392.22
Italy,1643,1392.93
Italy,1644,1393.63
Italy,1645,1394.33
Italy,1646,1395.04
Italy,1647,1395.74
Italy,1648,1396.45
Italy,1649,1397.15
Italy,1650,1397.86
Italy,1651,1399.38
Italy,1652,1400.91
Italy,1653,1402.44
Italy,1654,1403.97
Italy,1655,1405.51
Italy,1656,1407.04
Italy,1657,1408.58
Italy,1658,1410.11
Italy,1659,1411.65
Italy,1660,1413.19
Italy,1661,1414.74
Italy,1662,1416.28
Italy,1663,1417.83
Italy,1664,1419.38
Italy,1665,1420.93
Italy,1666,1422.48
Italy,1667,1424.03
Italy,1668,1425.58
Italy,1669,1427.14
Italy,1670,1428.7
Italy,1671,1430.26
Italy,1672,1431.82
Italy,1673,1433.38
Italy,1674,1434.95
Italy,1675,1436.52
Italy,1676,1438.08
Italy,1677,1439.65
Italy,1678,1441.23
Italy,1679,1442.8
Italy,1680,1444.37
Italy,1681,1445.95
Italy,1682,1447.53
Italy,1683,1449.11
Italy,1684,1450.69
Italy,1685,1452.28
Italy,1686,1453.86
Italy,1687,1455.45
Italy,1688,1457.04
Italy,1689,1458.63
Italy,1690,1460.22
Italy,1691,1461.82
Italy,1692,1463.41
Italy,1693,1465.01
Italy,1694,1466.61
Italy,1695,1468.21
Italy,1696,1469.81
Italy,1697,1471.42
Italy,1698,1473.02
Italy,1699,1474.63
Italy,1700,1476.24
Italy,1701,1477.35
Italy,1702,1478.47
Italy,1703,1479.58
Italy,1704,1480.69
Italy,1705,1481.81
Italy,1706,1482.92
Italy,1707,1484.04
Italy,1708,1485.16
Italy,1709,1486.28
Italy,1710,1487.39
Italy,1711,1488.51
Italy,1712,1489.64
Italy,1713,1490.76
Italy,1714,1491.88
Italy,1715,1493
Italy,1716,1494.13
Italy,1717,1495.25
Italy,1718,1496.38
Italy,1719,1497.5
Italy,1720,1498.63
Italy,1721,1499.76
Italy,1722,1500.89
Italy,1723,1502.02
Italy,1724,1503.15
Italy,1725,1504.28
Italy,1726,1505.41
Italy,1727,1506.55
Italy,1728,1507.68
Italy,1729,1508.82
Italy,1730,1509.95
Italy,1731,1511.09
Italy,1732,1512.23
Italy,1733,1513.37
Italy,1734,1514.51
Italy,1735,1515.65
Italy,1736,1516.79
Italy,1737,1517.93
Italy,1738,1519.07
Italy,1739,1520.22
Italy,1740,1521.36
Italy,1741,1522.51
Italy,1742,1523.65
Italy,1743,1524.8
Italy,1744,1525.95
Italy,1745,1527.1
Italy,1746,1528.25
Italy,1747,1529.4
Italy,1748,1530.55
Italy,1749,1531.7
Italy,1750,1532.85
Italy,1751,1529.26
Italy,1752,1525.67
Italy,1753,1522.09
Italy,1754,1518.52
Italy,1755,1514.96
Italy,1756,1511.41
Italy,1757,1507.86
Italy,1758,1504.32
Italy,1759,1500.79
Italy,1760,1497.27
Italy,1761,1493.76
Italy,1762,1490.26
Italy,1763,1486.76
Italy,1764,1483.27
Italy,1765,1479.79
Italy,1766,1476.32
Italy,1767,1472.86
Italy,1768,1469.4
Italy,1769,1465.96
Italy,1770,1462.52
Italy,1771,1459.09
Italy,1772,1455.66
Italy,1773,1452.25
Italy,1774,1448.84
Italy,1775,1445.44
Italy,1776,1442.05
Italy,1777,1438.67
Italy,1778,1435.3
Italy,1779,1431.93
Italy,1780,1428.57
Italy,1781,1425.22
Italy,1782,1421.88
Italy,1783,1418.54
Italy,1784,1415.21
Italy,1785,1411.89
Italy,1786,1408.58
Italy,1787,1405.28
Italy,1788,1401.98
Italy,1789,1398.69
Italy,1790,1395.41
Italy,1791,1392.14
Italy,1792,1388.87
Italy,1793,1385.61
Italy,1794,1382.36
Italy,1795,1379.12
Italy,1796,1375.89
Italy,1797,1372.66
Italy,1798,1369.44
Italy,1799,1366.23
Italy,1800,1363.02
Italy,1801,1345.6
Italy,1802,1389.15
Italy,1803,1428.34
Italy,1804,1489.31
Italy,1805,1441.4
Italy,1806,1476.24
Italy,1807,1480.6
Italy,1808,1563.34
Italy,1809,1572.05
Italy,1810,1450.11
Italy,1811,1402.21
Italy,1812,1432.7
Italy,1813,1471.89
Italy,1814,1489.31
Italy,1815,1423.99
Italy,1816,1402.21
Italy,1817,1415.28
Italy,1818,1524.14
Italy,1819,1511.08
Italy,1820,1511.08
Italy,1821,1484.95
Italy,1822,1502.37
Italy,1823,1515.43
Italy,1824,1554.63
Italy,1825,1532.85
Italy,1826,1576.4
Italy,1827,1550.27
Italy,1828,1532.85
Italy,1829,1528.5
Italy,1830,1506.73
Italy,1831,1558.98
Italy,1832,1572.05
Italy,1833,1580.76
Italy,1834,1593.82
Italy,1835,1637.37
Italy,1836,1519.79
Italy,1837,1480.6
Italy,1838,1502.37
Italy,1839,1489.31
Italy,1840,1537.21
Italy,1841,1567.69
Italy,1842,1580.76
Italy,1843,1502.37
Italy,1844,1502.37
Italy,1845,1515.43
Italy,1846,1502.37
Italy,1847,1467.53
Italy,1848,1506.73
Italy,1849,1498.02
Italy,1850,1480.6
Italy,1851,1480.6
Italy,1852,1458.82
Italy,1853,1428.34
Italy,1854,1332.54
Italy,1855,1345.6
Italy,1856,1349.96
Italy,1857,1458.82
Italy,1858,1515.43
Italy,1859,1467.53
Italy,1860,1458.82
Italy,1861,1450.11
Italy,1862,1468.95
Italy,1863,1504.24
Italy,1864,1506.4
Italy,1865,1597.14
Italy,1866,1594.48
Italy,1867,1456.04
Italy,1868,1485.63
Italy,1869,1504.64
Italy,1870,1541.75
Italy,1871,1507.55
Italy,1872,1473.97
Italy,1873,1466.21
Italy,1874,1542.33
Italy,1875,1550.12
Italy,1876,1512.23
Italy,1877,1521.93
Italy,1878,1559.98
Italy,1879,1564.48
Italy,1880,1588.91
Italy,1881,1636.91
Italy,1882,1656.96
Italy,1883,1672.11
Italy,1884,1646.78
Italy,1885,1671.1
Italy,1886,1707.58
Italy,1887,1750.84
Italy,1888,1741.75
Italy,1889,1688.68
Italy,1890,1689.66
Italy,1891,1712.29
Italy,1892,1714.22
Italy,1893,1741.1
Italy,1894,1750.85
Italy,1895,1765.03
Italy,1896,1791.42
Italy,1897,1794.4
Italy,1898,1787.22
Italy,1899,1807.07
Italy,1900,1854.69
Italy,1901,1885.21
Italy,1902,1915.14
Italy,1903,1932.49
Italy,1904,1966.44
Italy,1905,2006.75
Italy,1906,2074.71
Italy,1907,2111.64
Italy,1908,2156.21
Italy,1909,2173.42
Italy,1910,2175.52
Italy,1911,2199.16
Italy,1912,2201.38
Italy,1913,2304.79
Italy,1914,2179.16
Italy,1915,2069.69
Italy,1916,2240.26
Italy,1917,2247.15
Italy,1918,2190.67
Italy,1919,2102.74
Italy,1920,2152.78
Italy,1921,2079.5
Italy,1922,2231.23
Italy,1923,2413.78
Italy,1924,2456.98
Italy,1925,2602.34
Italy,1926,2600.23
Italy,1927,2530.7
Italy,1928,2666.2
Italy,1929,2777.99
Italy,1930,2630.98
Italy,1931,2578.9
Italy,1932,2615.17
Italy,1933,2565.06
Italy,1934,2538.05
Italy,1935,2654.11
Italy,1936,2540.3
Italy,1937,2772.27
Italy,1938,2830.12
Italy,1939,2980.82
Italy,1940,2897.09
Italy,1941,2822.26
Italy,1942,2648.29
Italy,1943,2233.86
Italy,1944,1797.19
Italy,1945,1608.63
Italy,1946,2161.68
Italy,1947,2555.55
Italy,1948,2735.26
Italy,1949,2948.37
Italy,1950,3171.7
Italy,1951,3450.71
Italy,1952,3590.6
Italy,1953,3829.82
Italy,1954,3947.21
Italy,1955,4189.74
Italy,1956,4368.01
Italy,1957,4590.97
Italy,1958,4822.88
Italy,1959,5130.81
Italy,1960,5456.19
Italy,1961,5852.67
Italy,1962,6203.01
Italy,1963,6531.86
Italy,1964,6727.94
Italy,1965,6963.94
Italy,1966,7366.02
Italy,1967,7872.31
Italy,1968,8382.41
Italy,1969,8879.37
Italy,1970,9366.6
Italy,1971,9489.25
Italy,1972,9795.13
Italy,1973,10413.55
Italy,1974,10913.88
Italy,1975,10618.98
Italy,1976,11307.66
Italy,1977,11541.92
Italy,1978,11869.49
Italy,1979,12532.29
Italy,1980,12927.02
Italy,1981,13018.32
Italy,1982,13064.01
Italy,1983,13208.6
Italy,1984,13634.09
Italy,1985,14009.77
Italy,1986,14408.11
Italy,1987,14867.92
Italy,1988,15484.7
Italy,1989,15996.88
Italy,1990,16313.13
Italy,1991,16562.95
Italy,1992,16634.01
Italy,1993,16440.84
Italy,1994,16761.74
Italy,1995,17216.6
Italy,1996,17378.12
Italy,1997,17675.65
Italy,1998,17908.54
Italy,1999,18140.52
Italy,2000,18761.37
Italy,2001,19062.44
Italy,2002,19100.47
Italy,2003,19006.71
Italy,2004,19210.52
Italy,2005,19283.73
Italy,2006,19629.61
Italy,2007,19841.54
Italy,2008,19460.5
Italy,2009,18278.63
Italy,2010,18520.43
Italy,2011,18545.45
Italy,2012,17950.74
Italy,2013,17573.52
Italy,2014,17457.04
Italy,2015,17539.87
Japan,1000,499.78
Japan,1001,499.91
Japan,1002,500.04
Japan,1003,500.17
Japan,1004,500.3
Japan,1005,500.43
Japan,1006,500.56
Japan,1007,500.69
Japan,1008,500.82
Japan,1009,500.95
Japan,1010,501.08
Japan,1011,501.21
Japan,1012,501.34
Japan,1013,501.47
Japan,1014,501.6
Japan,1015,501.73
Japan,1016,501.86
Japan,1017,501.99
Japan,1018,502.12
Japan,1019,502.26
Japan,1020,502.39
Japan,1021,502.52
Japan,1022,502.65
Japan,1023,502.78
Japan,1024,502.91
Japan,1025,503.04
Japan,1026,503.17
Japan,1027,503.3
Japan,1028,503.43
Japan,1029,503.56
Japan,1030,503.7
Japan,1031,503.83
Japan,1032,503.96
Japan,1033,504.09
Japan,1034,504.22
Japan,1035,504.35
Japan,1036,504.48
Japan,1037,504.61
Japan,1038,504.75
Japan,1039,504.88
Japan,1040,505.01
Japan,1041,505.14
Japan,1042,505.27
Japan,1043,505.4
Japan,1044,505.53
Japan,1045,505.67
Japan,1046,505.8
Japan,1047,505.93
Japan,1048,506.06
Japan,1049,506.19
Japan,1050,506.32
Japan,1051,506.46
Japan,1052,506.59
Japan,1053,506.72
Japan,1054,506.85
Japan,1055,506.98
Japan,1056,507.12
Japan,1057,507.25
Japan,1058,507.38
Japan,1059,507.51
Japan,1060,507.64
Japan,1061,507.78
Japan,1062,507.91
Japan,1063,508.04
Japan,1064,508.17
Japan,1065,508.3
Japan,1066,508.44
Japan,1067,508.57
Japan,1068,508.7
Japan,1069,508.83
Japan,1070,508.97
Japan,1071,509.1
Japan,1072,509.23
Japan,1073,509.36
Japan,1074,509.5
Japan,1075,509.63
Japan,1076,509.76
Japan,1077,509.89
Japan,1078,510.03
Japan,1079,510.16
Japan,1080,510.29
Japan,1081,510.43
Japan,1082,510.56
Japan,1083,510.69
Japan,1084,510.82
Japan,1085,510.96
Japan,1086,511.09
Japan,1087,511.22
Japan,1088,511.36
Japan,1089,511.49
Japan,1090,511.62
Japan,1091,511.76
Japan,1092,511.89
Japan,1093,512.02
Japan,1094,512.16
Japan,1095,512.29
Japan,1096,512.42
Japan,1097,512.56
Japan,1098,512.69
Japan,1099,512.82
Japan,1100,512.96
Japan,1101,513.09
Japan,1102,513.22
Japan,1103,513.36
Japan,1104,513.49
Japan,1105,513.62
Japan,1106,513.76
Japan,1107,513.89
Japan,1108,514.02
Japan,1109,514.16
Japan,1110,514.29
Japan,1111,514.43
Japan,1112,514.56
Japan,1113,514.69
Japan,1114,514.83
Japan,1115,514.96
Japan,1116,515.1
Japan,1117,515.23
Japan,1118,515.36
Japan,1119,515.5
Japan,1120,515.63
Japan,1121,515.77
Japan,1122,515.9
Japan,1123,516.04
Japan,1124,516.17
Japan,1125,516.3
Japan,1126,516.44
Japan,1127,516.57
Japan,1128,516.71
Japan,1129,516.84
Japan,1130,516.98
Japan,1131,517.11
Japan,1132,517.25
Japan,1133,517.38
Japan,1134,517.51
Japan,1135,517.65
Japan,1136,517.78
Japan,1137,517.92
Japan,1138,518.05
Japan,1139,518.19
Japan,1140,518.32
Japan,1141,518.46
Japan,1142,518.59
Japan,1143,518.73
Japan,1144,518.86
Japan,1145,519
Japan,1146,519.13
Japan,1147,519.27
Japan,1148,519.4
Japan,1149,519.54
Japan,1150,519.67
Japan,1151,519.73
Japan,1152,519.78
Japan,1153,519.84
Japan,1154,519.89
Japan,1155,519.94
Japan,1156,520
Japan,1157,520.05
Japan,1158,520.1
Japan,1159,520.16
Japan,1160,520.21
Japan,1161,520.26
Japan,1162,520.32
Japan,1163,520.37
Japan,1164,520.43
Japan,1165,520.48
Japan,1166,520.53
Japan,1167,520.59
Japan,1168,520.64
Japan,1169,520.69
Japan,1170,520.75
Japan,1171,520.8
Japan,1172,520.86
Japan,1173,520.91
Japan,1174,520.96
Japan,1175,521.02
Japan,1176,521.07
Japan,1177,521.12
Japan,1178,521.18
Japan,1179,521.23
Japan,1180,521.29
Japan,1181,521.34
Japan,1182,521.39
Japan,1183,521.45
Japan,1184,521.5
Japan,1185,521.56
Japan,1186,521.61
Japan,1187,521.66
Japan,1188,521.72
Japan,1189,521.77
Japan,1190,521.82
Japan,1191,521.88
Japan,1192,521.93
Japan,1193,521.99
Japan,1194,522.04
Japan,1195,522.09
Japan,1196,522.15
Japan,1197,522.2
Japan,1198,522.26
Japan,1199,522.31
Japan,1200,522.36
Japan,1201,522.42
Japan,1202,522.47
Japan,1203,522.53
Japan,1204,522.58
Japan,1205,522.63
Japan,1206,522.69
Japan,1207,522.74
Japan,1208,522.8
Japan,1209,522.85
Japan,1210,522.9
Japan,1211,522.96
Japan,1212,523.01
Japan,1213,523.07
Japan,1214,523.12
Japan,1215,523.17
Japan,1216,523.23
Japan,1217,523.28
Japan,1218,523.34
Japan,1219,523.39
Japan,1220,523.44
Japan,1221,523.5
Japan,1222,523.55
Japan,1223,523.61
Japan,1224,523.66
Japan,1225,523.71
Japan,1226,523.77
Japan,1227,523.82
Japan,1228,523.88
Japan,1229,523.93
Japan,1230,523.98
Japan,1231,524.04
Japan,1232,524.09
Japan,1233,524.15
Japan,1234,524.2
Japan,1235,524.26
Japan,1236,524.31
Japan,1237,524.36
Japan,1238,524.42
Japan,1239,524.47
Japan,1240,524.53
Japan,1241,524.58
Japan,1242,524.63
Japan,1243,524.69
Japan,1244,524.74
Japan,1245,524.8
Japan,1246,524.85
Japan,1247,524.91
Japan,1248,524.96
Japan,1249,525.01
Japan,1250,525.07
Japan,1251,525.12
Japan,1252,525.18
Japan,1253,525.23
Japan,1254,525.28
Japan,1255,525.34
Japan,1256,525.39
Japan,1257,525.45
Japan,1258,525.5
Japan,1259,525.56
Japan,1260,525.61
Japan,1261,525.66
Japan,1262,525.72
Japan,1263,525.77
Japan,1264,525.83
Japan,1265,525.88
Japan,1266,525.94
Japan,1267,525.99
Japan,1268,526.04
Japan,1269,526.1
Japan,1270,526.15
Japan,1271,526.21
Japan,1272,526.26
Japan,1273,526.32
Japan,1274,526.37
Japan,1275,526.42
Japan,1276,526.48
Japan,1277,526.53
Japan,1278,526.59
Japan,1279,526.64
Japan,1280,526.7
Japan,1281,526.7
Japan,1282,526.7
Japan,1283,526.7
Japan,1284,526.7
Japan,1285,526.7
Japan,1286,526.7
Japan,1287,526.7
Japan,1288,526.7
Japan,1289,526.7
Japan,1290,526.7
Japan,1291,526.7
Japan,1292,526.7
Japan,1293,526.7
Japan,1294,526.7
Japan,1295,526.7
Japan,1296,526.7
Japan,1297,526.7
Japan,1298,526.7
Japan,1299,526.7
Japan,1300,526.7
Japan,1301,526.7
Japan,1302,526.7
Japan,1303,526.7
Japan,1304,526.7
Japan,1305,526.7
Japan,1306,526.7
Japan,1307,526.7
Japan,1308,526.7
Japan,1309,526.7
Japan,1310,526.7
Japan,1311,526.7
Japan,1312,526.7
Japan,1313,526.7
Japan,1314,526.7
Japan,1315,526.7
Japan,1316,526.7
Japan,1317,526.7
Japan,1318,526.7
Japan,1319,526.7
Japan,1320,526.7
Japan,1321,526.7
Japan,1322,526.7
Japan,1323,526.7
Japan,1324,526.7
Japan,1325,526.7
Japan,1326,526.7
Japan,1327,526.7
Japan,1328,526.7
Japan,1329,526.7
Japan,1330,526.7
Japan,1331,526.7
Japan,1332,526.7
Japan,1333,526.7
Japan,1334,526.7
Japan,1335,526.7
Japan,1336,526.7
Japan,1337,526.7
Japan,1338,526.7
Japan,1339,526.7
Japan,1340,526.7
Japan,1341,526.7
Japan,1342,526.7
Japan,1343,526.7
Japan,1344,526.7
Japan,1345,526.7
Japan,1346,526.7
Japan,1347,526.7
Japan,1348,526.7
Japan,1349,526.7
Japan,1350,526.7
Japan,1351,526.7
Japan,1352,526.7
Japan,1353,526.7
Japan,1354,526.7
Japan,1355,526.7
Japan,1356,526.7
Japan,1357,526.7
Japan,1358,526.7
Japan,1359,526.7
Japan,1360,526.7
Japan,1361,526.7
Japan,1362,526.7
Japan,1363,526.7
Japan,1364,526.7
Japan,1365,526.7
Japan,1366,526.7
Japan,1367,526.7
Japan,1368,526.7
Japan,1369,526.7
Japan,1370,526.7
Japan,1371,526.7
Japan,1372,526.7
Japan,1373,526.7
Japan,1374,526.7
Japan,1375,526.7
Japan,1376,526.7
Japan,1377,526.7
Japan,1378,526.7
Japan,1379,526.7
Japan,1380,526.7
Japan,1381,526.7
Japan,1382,526.7
Japan,1383,526.7
Japan,1384,526.7
Japan,1385,526.7
Japan,1386,526.7
Japan,1387,526.7
Japan,1388,526.7
Japan,1389,526.7
Japan,1390,526.7
Japan,1391,526.7
Japan,1392,526.7
Japan,1393,526.7
Japan,1394,526.7
Japan,1395,526.7
Japan,1396,526.7
Japan,1397,526.7
Japan,1398,526.7
Japan,1399,526.7
Japan,1400,526.7
Japan,1401,526.7
Japan,1402,526.7
Japan,1403,526.7
Japan,1404,526.7
Japan,1405,526.7
Japan,1406,526.7
Japan,1407,526.7
Japan,1408,526.7
Japan,1409,526.7
Japan,1410,526.7
Japan,1411,526.7
Japan,1412,526.7
Japan,1413,526.7
Japan,1414,526.7
Japan,1415,526.7
Japan,1416,526.7
Japan,1417,526.7
Japan,1418,526.7
Japan,1419,526.7
Japan,1420,526.7
Japan,1421,526.7
Japan,1422,526.7
Japan,1423,526.7
Japan,1424,526.7
Japan,1425,526.7
Japan,1426,526.7
Japan,1427,526.7
Japan,1428,526.7
Japan,1429,526.7
Japan,1430,526.7
Japan,1431,526.7
Japan,1432,526.7
Japan,1433,526.7
Japan,1434,526.7
Japan,1435,526.7
Japan,1436,526.7
Japan,1437,526.7
Japan,1438,526.7
Japan,1439,526.7
Japan,1440,526.7
Japan,1441,526.7
Japan,1442,526.7
Japan,1443,526.7
Japan,1444,526.7
Japan,1445,526.7
Japan,1446,526.7
Japan,1447,526.7
Japan,1448,526.7
Japan,1449,526.7
Japan,1450,526.7
Japan,1451,527
Japan,1452,527.3
Japan,1453,527.6
Japan,1454,527.9
Japan,1455,528.2
Japan,1456,528.51
Japan,1457,528.81
Japan,1458,529.11
Japan,1459,529.41
Japan,1460,529.72
Japan,1461,530.02
Japan,1462,530.32
Japan,1463,530.63
Japan,1464,530.93
Japan,1465,531.23
Japan,1466,531.54
Japan,1467,531.84
Japan,1468,532.14
Japan,1469,532.45
Japan,1470,532.75
Japan,1471,533.06
Japan,1472,533.36
Japan,1473,533.67
Japan,1474,533.97
Japan,1475,534.28
Japan,1476,534.58
Japan,1477,534.89
Japan,1478,535.19
Japan,1479,535.5
Japan,1480,535.81
Japan,1481,536.11
Japan,1482,536.42
Japan,1483,536.73
Japan,1484,537.03
Japan,1485,537.34
Japan,1486,537.65
Japan,1487,537.95
Japan,1488,538.26
Japan,1489,538.57
Japan,1490,538.88
Japan,1491,539.19
Japan,1492,539.49
Japan,1493,539.8
Japan,1494,540.11
Japan,1495,540.42
Japan,1496,540.73
Japan,1497,541.04
Japan,1498,541.35
Japan,1499,541.66
Japan,1500,541.97
Japan,1501,542.28
Japan,1502,542.59
Japan,1503,542.9
Japan,1504,543.21
Japan,1505,543.52
Japan,1506,543.83
Japan,1507,544.14
Japan,1508,544.45
Japan,1509,544.76
Japan,1510,545.07
Japan,1511,545.39
Japan,1512,545.7
Japan,1513,546.01
Japan,1514,546.32
Japan,1515,546.63
Japan,1516,546.95
Japan,1517,547.26
Japan,1518,547.57
Japan,1519,547.89
Japan,1520,548.2
Japan,1521,548.51
Japan,1522,548.83
Japan,1523,549.14
Japan,1524,549.45
Japan,1525,549.77
Japan,1526,550.08
Japan,1527,550.4
Japan,1528,550.71
Japan,1529,551.03
Japan,1530,551.34
Japan,1531,551.66
Japan,1532,551.97
Japan,1533,552.29
Japan,1534,552.6
Japan,1535,552.92
Japan,1536,553.24
Japan,1537,553.55
Japan,1538,553.87
Japan,1539,554.18
Japan,1540,554.5
Japan,1541,554.82
Japan,1542,555.14
Japan,1543,555.45
Japan,1544,555.77
Japan,1545,556.09
Japan,1546,556.41
Japan,1547,556.72
Japan,1548,557.04
Japan,1549,557.36
Japan,1550,557.68
Japan,1551,558
Japan,1552,558.32
Japan,1553,558.64
Japan,1554,558.96
Japan,1555,559.28
Japan,1556,559.6
Japan,1557,559.92
Japan,1558,560.24
Japan,1559,560.56
Japan,1560,560.88
Japan,1561,561.2
Japan,1562,561.52
Japan,1563,561.84
Japan,1564,562.16
Japan,1565,562.48
Japan,1566,562.8
Japan,1567,563.13
Japan,1568,563.45
Japan,1569,563.77
Japan,1570,564.09
Japan,1571,564.41
Japan,1572,564.74
Japan,1573,565.06
Japan,1574,565.38
Japan,1575,565.71
Japan,1576,566.03
Japan,1577,566.35
Japan,1578,566.68
Japan,1579,567
Japan,1580,567.33
Japan,1581,567.65
Japan,1582,567.97
Japan,1583,568.3
Japan,1584,568.62
Japan,1585,568.95
Japan,1586,569.27
Japan,1587,569.6
Japan,1588,569.93
Japan,1589,570.25
Japan,1590,570.58
Japan,1591,570.9
Japan,1592,571.23
Japan,1593,571.56
Japan,1594,571.88
Japan,1595,572.21
Japan,1596,572.54
Japan,1597,572.87
Japan,1598,573.19
Japan,1599,573.52
Japan,1600,573.85
Japan,1601,573.54
Japan,1602,573.24
Japan,1603,572.93
Japan,1604,572.63
Japan,1605,572.33
Japan,1606,572.02
Japan,1607,571.72
Japan,1608,571.41
Japan,1609,571.11
Japan,1610,570.81
Japan,1611,570.5
Japan,1612,570.2
Japan,1613,569.9
Japan,1614,569.59
Japan,1615,569.29
Japan,1616,568.99
Japan,1617,568.69
Japan,1618,568.39
Japan,1619,568.08
Japan,1620,567.78
Japan,1621,567.48
Japan,1622,567.18
Japan,1623,566.88
Japan,1624,566.58
Japan,1625,566.27
Japan,1626,565.97
Japan,1627,565.67
Japan,1628,565.37
Japan,1629,565.07
Japan,1630,564.77
Japan,1631,564.47
Japan,1632,564.17
Japan,1633,563.87
Japan,1634,563.57
Japan,1635,563.27
Japan,1636,562.97
Japan,1637,562.67
Japan,1638,562.38
Japan,1639,562.08
Japan,1640,561.78
Japan,1641,561.48
Japan,1642,561.18
Japan,1643,560.88
Japan,1644,560.58
Japan,1645,560.29
Japan,1646,559.99
Japan,1647,559.69
Japan,1648,559.39
Japan,1649,559.1
Japan,1650,558.8
Japan,1651,560.12
Japan,1652,561.45
Japan,1653,562.78
Japan,1654,564.12
Japan,1655,565.45
Japan,1656,566.8
Japan,1657,568.14
Japan,1658,569.49
Japan,1659,570.84
Japan,1660,572.19
Japan,1661,573.54
Japan,1662,574.9
Japan,1663,576.27
Japan,1664,577.63
Japan,1665,579
Japan,1666,580.37
Japan,1667,581.75
Japan,1668,583.13
Japan,1669,584.51
Japan,1670,585.9
Japan,1671,587.29
Japan,1672,588.68
Japan,1673,590.07
Japan,1674,591.47
Japan,1675,592.87
Japan,1676,594.28
Japan,1677,595.69
Japan,1678,597.1
Japan,1679,598.52
Japan,1680,599.93
Japan,1681,601.36
Japan,1682,602.78
Japan,1683,604.21
Japan,1684,605.64
Japan,1685,607.08
Japan,1686,608.52
Japan,1687,609.96
Japan,1688,611.41
Japan,1689,612.86
Japan,1690,614.31
Japan,1691,615.76
Japan,1692,617.22
Japan,1693,618.69
Japan,1694,620.15
Japan,1695,621.62
Japan,1696,623.1
Japan,1697,624.57
Japan,1698,626.05
Japan,1699,627.54
Japan,1700,629.03
Japan,1701,628.39
Japan,1702,627.75
Japan,1703,627.12
Japan,1704,626.48
Japan,1705,625.84
Japan,1706,625.21
Japan,1707,624.58
Japan,1708,623.94
Japan,1709,623.31
Japan,1710,622.68
Japan,1711,622.05
Japan,1712,621.42
Japan,1713,620.79
Japan,1714,620.16
Japan,1715,619.53
Japan,1716,618.9
Japan,1717,618.27
Japan,1718,617.65
Japan,1719,617.02
Japan,1720,616.4
Japan,1721,615.77
Japan,1722,615.15
Japan,1723,614.52
Japan,1724,613.9
Japan,1725,613.28
Japan,1726,612.66
Japan,1727,612.04
Japan,1728,611.42
Japan,1729,610.8
Japan,1730,610.18
Japan,1731,609.56
Japan,1732,608.94
Japan,1733,608.32
Japan,1734,607.71
Japan,1735,607.09
Japan,1736,606.48
Japan,1737,605.86
Japan,1738,605.25
Japan,1739,604.63
Japan,1740,604.02
Japan,1741,603.41
Japan,1742,602.8
Japan,1743,602.19
Japan,1744,601.58
Japan,1745,600.97
Japan,1746,600.36
Japan,1747,599.75
Japan,1748,599.14
Japan,1749,598.53
Japan,1750,597.93
Japan,1751,598.76
Japan,1752,599.59
Japan,1753,600.43
Japan,1754,601.27
Japan,1755,602.11
Japan,1756,602.95
Japan,1757,603.79
Japan,1758,604.63
Japan,1759,605.47
Japan,1760,606.32
Japan,1761,607.16
Japan,1762,608.01
Japan,1763,608.85
Japan,1764,609.7
Japan,1765,610.55
Japan,1766,611.41
Japan,1767,612.26
Japan,1768,613.11
Japan,1769,613.97
Japan,1770,614.82
Japan,1771,615.68
Japan,1772,616.54
Japan,1773,617.4
Japan,1774,618.26
Japan,1775,619.12
Japan,1776,619.98
Japan,1777,620.85
Japan,1778,621.71
Japan,1779,622.58
Japan,1780,623.45
Japan,1781,624.32
Japan,1782,625.19
Japan,1783,626.06
Japan,1784,626.93
Japan,1785,627.81
Japan,1786,628.68
Japan,1787,629.56
Japan,1788,630.44
Japan,1789,631.32
Japan,1790,632.2
Japan,1791,633.08
Japan,1792,633.96
Japan,1793,634.84
Japan,1794,635.73
Japan,1795,636.61
Japan,1796,637.5
Japan,1797,638.39
Japan,1798,639.28
Japan,1799,640.17
Japan,1800,641.07
Japan,1801,641.84
Japan,1802,642.62
Japan,1803,643.4
Japan,1804,644.19
Japan,1805,644.97
Japan,1806,645.75
Japan,1807,646.54
Japan,1808,647.32
Japan,1809,648.11
Japan,1810,648.9
Japan,1811,649.69
Japan,1812,650.48
Japan,1813,651.27
Japan,1814,652.06
Japan,1815,652.85
Japan,1816,653.64
Japan,1817,654.44
Japan,1818,655.23
Japan,1819,656.03
Japan,1820,656.83
Japan,1821,657.62
Japan,1822,658.42
Japan,1823,659.22
Japan,1824,660.02
Japan,1825,660.83
Japan,1826,661.63
Japan,1827,662.43
Japan,1828,663.24
Japan,1829,664.04
Japan,1830,664.85
Japan,1831,665.66
Japan,1832,666.47
Japan,1833,667.28
Japan,1834,668.09
Japan,1835,668.9
Japan,1836,669.71
Japan,1837,670.53
Japan,1838,671.34
Japan,1839,672.16
Japan,1840,672.97
Japan,1841,673.79
Japan,1842,674.61
Japan,1843,675.43
Japan,1844,676.25
Japan,1845,677.07
Japan,1846,677.89
Japan,1847,678.72
Japan,1848,679.54
Japan,1849,680.37
Japan,1850,681.19
Japan,1851,683.9
Japan,1852,686.61
Japan,1853,689.34
Japan,1854,692.08
Japan,1855,694.83
Japan,1856,697.58
Japan,1857,700.35
Japan,1858,703.13
Japan,1859,705.93
Japan,1860,708.73
Japan,1861,711.54
Japan,1862,714.37
Japan,1863,717.2
Japan,1864,720.05
Japan,1865,722.91
Japan,1866,725.78
Japan,1867,728.66
Japan,1868,731.55
Japan,1869,734.46
Japan,1870,737.38
Japan,1871,742.01
Japan,1872,746.01
Japan,1873,751.01
Japan,1874,756.18
Japan,1875,809.85
Japan,1876,784.56
Japan,1877,802.65
Japan,1878,793.75
Japan,1879,835.41
Japan,1880,863.4
Japan,1881,829.3
Japan,1882,844.18
Japan,1883,837.21
Japan,1884,835.7
Japan,1885,860.12
Japan,1886,916.45
Japan,1887,951.53
Japan,1888,899.59
Japan,1889,932.67
Japan,1890,1011.94
Japan,1891,956.44
Japan,1892,1012.69
Japan,1893,1008.36
Japan,1894,1119.42
Japan,1895,1123.46
Japan,1896,1051.12
Japan,1897,1061.95
Japan,1898,1248.88
Japan,1899,1143.14
Japan,1900,1179.51
Japan,1901,1206.46
Japan,1902,1128.9
Japan,1903,1192.63
Japan,1904,1188.09
Japan,1905,1156.75
Japan,1906,1297.21
Japan,1907,1325.15
Japan,1908,1318.44
Japan,1909,1300.54
Japan,1910,1303.76
Japan,1911,1355.58
Japan,1912,1384.08
Japan,1913,1386.69
Japan,1914,1326.5
Japan,1915,1429.72
Japan,1916,1629.72
Japan,1917,1665.06
Japan,1918,1668.41
Japan,1919,1827.21
Japan,1920,1695.75
Japan,1921,1859.5
Japan,1922,1831.12
Japan,1923,1809.35
Japan,1924,1836.32
Japan,1925,1885.16
Japan,1926,1871.58
Japan,1927,1869.77
Japan,1928,1992.37
Japan,1929,2025.73
Japan,1930,1850.39
Japan,1931,1837.34
Japan,1932,1961.58
Japan,1933,2122.44
Japan,1934,2098.34
Japan,1935,2120.47
Japan,1936,2244.42
Japan,1937,2315.12
Japan,1938,2449.27
Japan,1939,2816.06
Japan,1940,2874.29
Japan,1941,2872.7
Japan,1942,2818.22
Japan,1943,2821.62
Japan,1944,2658.97
Japan,1945,1346.13
Japan,1946,1444.22
Japan,1947,1540.94
Japan,1948,1725.29
Japan,1949,1799.83
Japan,1950,1920.72
Japan,1951,2125.61
Japan,1952,2336.42
Japan,1953,2474.34
Japan,1954,2581.87
Japan,1955,2770.75
Japan,1956,2947.87
Japan,1957,3135.87
Japan,1958,3288.9
Japan,1959,3553.94
Japan,1960,3986.43
Japan,1961,4426.28
Japan,1962,4776.52
Japan,1963,5128.64
Japan,1964,5667.69
Japan,1965,5933.75
Japan,1966,6505.53
Japan,1967,7152.29
Japan,1968,7983.31
Japan,1969,8874.09
Japan,1970,9713.95
Japan,1971,10040.32
Japan,1972,10733.6
Japan,1973,11433.8
Japan,1974,11144.52
Japan,1975,11343.78
Japan,1976,11668.97
Japan,1977,12063.85
Japan,1978,12584.88
Japan,1979,13163.1
Japan,1980,13427.73
Japan,1981,13754.45
Japan,1982,14078.37
Japan,1983,14306.87
Japan,1984,14772.59
Japan,1985,15331.25
Japan,1986,15679.38
Japan,1987,16251.29
Japan,1988,17184.64
Japan,1989,17942.51
Japan,1990,18789.07
Japan,1991,19347.1
Japan,1992,19440.3
Japan,1993,19417.44
Japan,1994,19536.82
Japan,1995,19871.71
Japan,1996,20343.36
Japan,1997,20617.44
Japan,1998,20154.49
Japan,1999,20070.4
Japan,2000,20480.95
Japan,2001,20499.91
Japan,2002,20516.85
Japan,2003,20833
Japan,2004,21301.18
Japan,2005,21575.02
Japan,2006,21938.17
Japan,2007,22410.07
Japan,2008,22175.12
Japan,2009,20963.2
Japan,2010,21934.9
Japan,2011,21854.04
Japan,2012,22252.48
Japan,2013,22574.78
Japan,2014,22594.26
Japan,2015,22733.94
United Kingdom,1000,757
United Kingdom,1001,756.7
United Kingdom,1002,756.4
United Kingdom,1003,756.09
United Kingdom,1004,755.79
United Kingdom,1005,755.49
United Kingdom,1006,755.19
United Kingdom,1007,754.89
United Kingdom,1008,754.59
United Kingdom,1009,754.29
United Kingdom,1010,753.99
United Kingdom,1011,753.69
United Kingdom,1012,753.39
United Kingdom,1013,753.08
United Kingdom,1014,752.78
United Kingdom,1015,752.48
United Kingdom,1016,752.18
United Kingdom,1017,751.88
United Kingdom,1018,751.58
United Kingdom,1019,751.28
United Kingdom,1020,750.98
United Kingdom,1021,750.69
United Kingdom,1022,750.39
United Kingdom,1023,750.09
United Kingdom,1024,749.79
United Kingdom,1025,749.49
United Kingdom,1026,749.19
United Kingdom,1027,748.89
United Kingdom,1028,748.59
United Kingdom,1029,748.29
United Kingdom,1030,747.99
United Kingdom,1031,747.7
United Kingdom,1032,747.4
United Kingdom,1033,747.1
United Kingdom,1034,746.8
United Kingdom,1035,746.5
United Kingdom,1036,746.21
United Kingdom,1037,745.91
United Kingdom,1038,745.61
United Kingdom,1039,745.31
United Kingdom,1040,745.02
United Kingdom,1041,744.72
United Kingdom,1042,744.42
United Kingdom,1043,744.13
United Kingdom,1044,743.83
United Kingdom,1045,743.53
United Kingdom,1046,743.24
United Kingdom,1047,742.94
United Kingdom,1048,742.64
United Kingdom,1049,742.35
United Kingdom,1050,742.05
United Kingdom,1051,741.76
United Kingdom,1052,741.46
United Kingdom,1053,741.16
United Kingdom,1054,740.87
United Kingdom,1055,740.57
United Kingdom,1056,740.28
United Kingdom,1057,739.98
United Kingdom,1058,739.69
United Kingdom,1059,739.39
United Kingdom,1060,739.1
United Kingdom,1061,738.8
United Kingdom,1062,738.51
United Kingdom,1063,738.21
United Kingdom,1064,737.92
United Kingdom,1065,737.62
United Kingdom,1066,737.33
United Kingdom,1067,737.04
United Kingdom,1068,736.74
United Kingdom,1069,736.45
United Kingdom,1070,736.15
United Kingdom,1071,735.86
United Kingdom,1072,735.57
United Kingdom,1073,735.27
United Kingdom,1074,734.98
United Kingdom,1075,734.69
United Kingdom,1076,734.39
United Kingdom,1077,734.1
United Kingdom,1078,733.81
United Kingdom,1079,733.52
United Kingdom,1080,733.22
United Kingdom,1081,732.93
United Kingdom,1082,732.64
United Kingdom,1083,732.35
United Kingdom,1084,732.06
United Kingdom,1085,731.76
United Kingdom,1086,731.47
United Kingdom,1087,731.18
United Kingdom,1088,730.89
United Kingdom,1089,730.6
United Kingdom,1090,730.31
United Kingdom,1091,730.01
United Kingdom,1092,729.72
United Kingdom,1093,729.43
United Kingdom,1094,729.14
United Kingdom,1095,728.85
United Kingdom,1096,728.56
United Kingdom,1097,728.27
United Kingdom,1098,727.98
United Kingdom,1099,727.69
United Kingdom,1100,727.4
United Kingdom,1101,727.11
United Kingdom,1102,726.82
United Kingdom,1103,726.53
United Kingdom,1104,726.24
United Kingdom,1105,725.95
United Kingdom,1106,725.66
United Kingdom,1107,725.37
United Kingdom,1108,725.08
United Kingdom,1109,724.79
United Kingdom,1110,724.5
United Kingdom,1111,724.21
United Kingdom,1112,723.92
United Kingdom,1113,723.64
United Kingdom,1114,723.35
United Kingdom,1115,723.06
United Kingdom,1116,722.77
United Kingdom,1117,722.48
United Kingdom,1118,722.19
United Kingdom,1119,721.91
United Kingdom,1120,721.62
United Kingdom,1121,721.33
United Kingdom,1122,721.04
United Kingdom,1123,720.75
United Kingdom,1124,720.47
United Kingdom,1125,720.18
United Kingdom,1126,719.89
United Kingdom,1127,719.61
United Kingdom,1128,719.32
United Kingdom,1129,719.03
United Kingdom,1130,718.74
United Kingdom,1131,718.46
United Kingdom,1132,718.17
United Kingdom,1133,717.89
United Kingdom,1134,717.6
United Kingdom,1135,717.31
United Kingdom,1136,717.03
United Kingdom,1137,716.74
United Kingdom,1138,716.45
United Kingdom,1139,716.17
United Kingdom,1140,715.88
United Kingdom,1141,715.6
United Kingdom,1142,715.31
United Kingdom,1143,715.03
United Kingdom,1144,714.74
United Kingdom,1145,714.46
United Kingdom,1146,714.17
United Kingdom,1147,713.89
United Kingdom,1148,713.6
United Kingdom,1149,713.32
United Kingdom,1150,713.03
United Kingdom,1151,712.75
United Kingdom,1152,712.46
United Kingdom,1153,712.18
United Kingdom,1154,711.9
United Kingdom,1155,711.61
United Kingdom,1156,711.33
United Kingdom,1157,711.05
United Kingdom,1158,710.76
United Kingdom,1159,710.48
United Kingdom,1160,710.19
United Kingdom,1161,709.91
United Kingdom,1162,709.63
United Kingdom,1163,709.35
United Kingdom,1164,709.06
United Kingdom,1165,708.78
United Kingdom,1166,708.5
United Kingdom,1167,708.21
United Kingdom,1168,707.93
United Kingdom,1169,707.65
United Kingdom,1170,707.37
United Kingdom,1171,707.09
United Kingdom,1172,706.8
United Kingdom,1173,706.52
United Kingdom,1174,706.24
United Kingdom,1175,705.96
United Kingdom,1176,705.68
United Kingdom,1177,705.4
United Kingdom,1178,705.11
United Kingdom,1179,704.83
United Kingdom,1180,704.55
United Kingdom,1181,704.27
United Kingdom,1182,703.99
United Kingdom,1183,703.71
United Kingdom,1184,703.43
United Kingdom,1185,703.15
United Kingdom,1186,702.87
United Kingdom,1187,702.59
United Kingdom,1188,702.31
United Kingdom,1189,702.03
United Kingdom,1190,701.75
United Kingdom,1191,701.47
United Kingdom,1192,701.19
United Kingdom,1193,700.91
United Kingdom,1194,700.63
United Kingdom,1195,700.35
United Kingdom,1196,700.07
United Kingdom,1197,699.79
United Kingdom,1198,699.51
United Kingdom,1199,699.23
United Kingdom,1200,698.95
United Kingdom,1201,698.67
United Kingdom,1202,698.4
United Kingdom,1203,698.12
United Kingdom,1204,697.84
United Kingdom,1205,697.56
United Kingdom,1206,697.28
United Kingdom,1207,697
United Kingdom,1208,696.73
United Kingdom,1209,696.45
United Kingdom,1210,696.17
United Kingdom,1211,695.89
United Kingdom,1212,695.62
United Kingdom,1213,695.34
United Kingdom,1214,695.06
United Kingdom,1215,694.78
United Kingdom,1216,694.51
United Kingdom,1217,694.23
United Kingdom,1218,693.95
United Kingdom,1219,693.68
United Kingdom,1220,693.4
United Kingdom,1221,693.12
United Kingdom,1222,692.85
United Kingdom,1223,692.57
United Kingdom,1224,692.29
United Kingdom,1225,692.02
United Kingdom,1226,691.74
United Kingdom,1227,691.47
United Kingdom,1228,691.19
United Kingdom,1229,690.91
United Kingdom,1230,690.64
United Kingdom,1231,690.36
United Kingdom,1232,690.09
United Kingdom,1233,689.81
United Kingdom,1234,689.54
United Kingdom,1235,689.26
United Kingdom,1236,688.99
United Kingdom,1237,688.71
United Kingdom,1238,688.44
United Kingdom,1239,688.16
United Kingdom,1240,687.89
United Kingdom,1241,687.61
United Kingdom,1242,687.34
United Kingdom,1243,687.07
United Kingdom,1244,686.79
United Kingdom,1245,686.52
United Kingdom,1246,686.24
United Kingdom,1247,685.97
United Kingdom,1248,685.7
United Kingdom,1249,685.42
United Kingdom,1250,685.15
United Kingdom,1251,684.88
United Kingdom,1252,684.6
United Kingdom,1253,684.33
United Kingdom,1254,684.06
United Kingdom,1255,683.79
United Kingdom,1256,683.51
United Kingdom,1257,683.24
United Kingdom,1258,682.97
United Kingdom,1259,682.69
United Kingdom,1260,682.42
United Kingdom,1261,682.15
United Kingdom,1262,681.88
United Kingdom,1263,681.61
United Kingdom,1264,681.33
United Kingdom,1265,681.06
United Kingdom,1266,680.79
United Kingdom,1267,680.52
United Kingdom,1268,680.25
United Kingdom,1269,679.98
United Kingdom,1270,679.71
United Kingdom,1271,679.43
United Kingdom,1272,679.16
United Kingdom,1273,678.89
United Kingdom,1274,678.62
United Kingdom,1275,678.35
United Kingdom,1276,678.08
United Kingdom,1277,677.81
United Kingdom,1278,677.54
United Kingdom,1279,677.27
United Kingdom,1280,677
United Kingdom,1281,680.11
United Kingdom,1282,683.24
United Kingdom,1283,686.37
United Kingdom,1284,689.53
United Kingdom,1285,692.7
United Kingdom,1286,695.88
United Kingdom,1287,699.08
United Kingdom,1288,702.29
United Kingdom,1289,705.51
United Kingdom,1290,708.76
United Kingdom,1291,712.01
United Kingdom,1292,715.28
United Kingdom,1293,718.57
United Kingdom,1294,721.87
United Kingdom,1295,725.19
United Kingdom,1296,728.52
United Kingdom,1297,731.87
United Kingdom,1298,735.23
United Kingdom,1299,738.61
United Kingdom,1300,742
United Kingdom,1301,742.89
United Kingdom,1302,743.78
United Kingdom,1303,744.68
United Kingdom,1304,745.57
United Kingdom,1305,746.47
United Kingdom,1306,747.36
United Kingdom,1307,748.26
United Kingdom,1308,749.16
United Kingdom,1309,750.06
United Kingdom,1310,750.96
United Kingdom,1311,751.86
United Kingdom,1312,752.76
United Kingdom,1313,753.67
United Kingdom,1314,754.57
United Kingdom,1315,755.48
United Kingdom,1316,756.39
United Kingdom,1317,757.29
United Kingdom,1318,758.2
United Kingdom,1319,759.11
United Kingdom,1320,760.03
United Kingdom,1321,760.94
United Kingdom,1322,761.85
United Kingdom,1323,762.77
United Kingdom,1324,763.68
United Kingdom,1325,764.6
United Kingdom,1326,765.52
United Kingdom,1327,766.44
United Kingdom,1328,767.36
United Kingdom,1329,768.28
United Kingdom,1330,769.2
United Kingdom,1331,770.13
United Kingdom,1332,771.05
United Kingdom,1333,771.98
United Kingdom,1334,772.9
United Kingdom,1335,773.83
United Kingdom,1336,774.76
United Kingdom,1337,775.69
United Kingdom,1338,776.62
United Kingdom,1339,777.56
United Kingdom,1340,778.49
United Kingdom,1341,779.42
United Kingdom,1342,780.36
United Kingdom,1343,781.3
United Kingdom,1344,782.24
United Kingdom,1345,783.18
United Kingdom,1346,784.12
United Kingdom,1347,785.06
United Kingdom,1348,786
United Kingdom,1349,791.08
United Kingdom,1350,796.2
United Kingdom,1351,801.35
United Kingdom,1352,806.53
United Kingdom,1353,811.75
United Kingdom,1354,817
United Kingdom,1355,822.28
United Kingdom,1356,827.6
United Kingdom,1357,832.95
United Kingdom,1358,838.34
United Kingdom,1359,843.76
United Kingdom,1360,849.21
United Kingdom,1361,854.71
United Kingdom,1362,860.23
United Kingdom,1363,865.8
United Kingdom,1364,871.39
United Kingdom,1365,877.03
United Kingdom,1366,882.7
United Kingdom,1367,888.41
United Kingdom,1368,894.16
United Kingdom,1369,899.94
United Kingdom,1370,905.76
United Kingdom,1371,911.62
United Kingdom,1372,917.51
United Kingdom,1373,923.44
United Kingdom,1374,929.42
United Kingdom,1375,935.43
United Kingdom,1376,941.48
United Kingdom,1377,947.56
United Kingdom,1378,953.69
United Kingdom,1379,959.86
United Kingdom,1380,966.07
United Kingdom,1381,972.31
United Kingdom,1382,978.6
United Kingdom,1383,984.93
United Kingdom,1384,991.3
United Kingdom,1385,997.71
United Kingdom,1386,1004.16
United Kingdom,1387,1010.66
United Kingdom,1388,1017.19
United Kingdom,1389,1023.77
United Kingdom,1390,1030.39
United Kingdom,1391,1037.06
United Kingdom,1392,1043.76
United Kingdom,1393,1050.51
United Kingdom,1394,1057.31
United Kingdom,1395,1064.14
United Kingdom,1396,1071.02
United Kingdom,1397,1077.95
United Kingdom,1398,1084.92
United Kingdom,1399,1091.94
United Kingdom,1400,1099
United Kingdom,1401,1098.54
United Kingdom,1402,1098.07
United Kingdom,1403,1097.61
United Kingdom,1404,1097.14
United Kingdom,1405,1096.68
United Kingdom,1406,1096.21
United Kingdom,1407,1095.75
United Kingdom,1408,1095.29
United Kingdom,1409,1094.82
United Kingdom,1410,1094.36
United Kingdom,1411,1093.9
United Kingdom,1412,1093.44
United Kingdom,1413,1092.97
United Kingdom,1414,1092.51
United Kingdom,1415,1092.05
United Kingdom,1416,1091.59
United Kingdom,1417,1091.13
United Kingdom,1418,1090.66
United Kingdom,1419,1090.2
United Kingdom,1420,1089.74
United Kingdom,1421,1089.28
United Kingdom,1422,1088.82
United Kingdom,1423,1088.36
United Kingdom,1424,1087.9
United Kingdom,1425,1087.44
United Kingdom,1426,1086.98
United Kingdom,1427,1086.52
United Kingdom,1428,1086.06
United Kingdom,1429,1085.6
United Kingdom,1430,1085.14
United Kingdom,1431,1084.68
United Kingdom,1432,1084.22
United Kingdom,1433,1083.77
United Kingdom,1434,1083.31
United Kingdom,1435,1082.85
United Kingdom,1436,1082.39
United Kingdom,1437,1081.93
United Kingdom,1438,1081.48
United Kingdom,1439,1081.02
United Kingdom,1440,1080.56
United Kingdom,1441,1080.1
United Kingdom,1442,1079.65
United Kingdom,1443,1079.19
United Kingdom,1444,1078.73
United Kingdom,1445,1078.28
United Kingdom,1446,1077.82
United Kingdom,1447,1077.37
United Kingdom,1448,1076.91
United Kingdom,1449,1076.46
United Kingdom,1450,1076
United Kingdom,1451,1076.2
United Kingdom,1452,1076.4
United Kingdom,1453,1076.6
United Kingdom,1454,1076.8
United Kingdom,1455,1077
United Kingdom,1456,1077.2
United Kingdom,1457,1077.39
United Kingdom,1458,1077.59
United Kingdom,1459,1077.79
United Kingdom,1460,1077.99
United Kingdom,1461,1078.19
United Kingdom,1462,1078.39
United Kingdom,1463,1078.59
United Kingdom,1464,1078.79
United Kingdom,1465,1078.99
United Kingdom,1466,1079.19
United Kingdom,1467,1079.39
United Kingdom,1468,1079.59
United Kingdom,1469,1079.79
United Kingdom,1470,1079.99
United Kingdom,1471,1080.19
United Kingdom,1472,1080.39
United Kingdom,1473,1080.59
United Kingdom,1474,1080.79
United Kingdom,1475,1080.99
United Kingdom,1476,1081.19
United Kingdom,1477,1081.39
United Kingdom,1478,1081.59
United Kingdom,1479,1081.79
United Kingdom,1480,1081.99
United Kingdom,1481,1082.19
United Kingdom,1482,1082.39
United Kingdom,1483,1082.59
United Kingdom,1484,1082.79
United Kingdom,1485,1082.99
United Kingdom,1486,1083.19
United Kingdom,1487,1083.39
United Kingdom,1488,1083.59
United Kingdom,1489,1083.79
United Kingdom,1490,1083.99
United Kingdom,1491,1084.19
United Kingdom,1492,1084.39
United Kingdom,1493,1084.59
United Kingdom,1494,1084.8
United Kingdom,1495,1085
United Kingdom,1496,1085.2
United Kingdom,1497,1085.4
United Kingdom,1498,1085.6
United Kingdom,1499,1085.8
United Kingdom,1500,1086
United Kingdom,1501,1085.43
United Kingdom,1502,1084.87
United Kingdom,1503,1084.3
United Kingdom,1504,1083.73
United Kingdom,1505,1083.17
United Kingdom,1506,1082.6
United Kingdom,1507,1082.04
United Kingdom,1508,1081.47
United Kingdom,1509,1080.91
United Kingdom,1510,1080.34
United Kingdom,1511,1079.78
United Kingdom,1512,1079.21
United Kingdom,1513,1078.65
United Kingdom,1514,1078.09
United Kingdom,1515,1077.52
United Kingdom,1516,1076.96
United Kingdom,1517,1076.4
United Kingdom,1518,1075.84
United Kingdom,1519,1075.27
United Kingdom,1520,1074.71
United Kingdom,1521,1074.15
United Kingdom,1522,1073.59
United Kingdom,1523,1073.03
United Kingdom,1524,1072.47
United Kingdom,1525,1071.91
United Kingdom,1526,1071.35
United Kingdom,1527,1070.79
United Kingdom,1528,1070.23
United Kingdom,1529,1069.67
United Kingdom,1530,1069.11
United Kingdom,1531,1068.55
United Kingdom,1532,1068
United Kingdom,1533,1067.44
United Kingdom,1534,1066.88
United Kingdom,1535,1066.32
United Kingdom,1536,1065.77
United Kingdom,1537,1065.21
United Kingdom,1538,1064.65
United Kingdom,1539,1064.1
United Kingdom,1540,1063.54
United Kingdom,1541,1062.99
United Kingdom,1542,1062.43
United Kingdom,1543,1061.88
United Kingdom,1544,1061.32
United Kingdom,1545,1060.77
United Kingdom,1546,1060.21
United Kingdom,1547,1059.66
United Kingdom,1548,1059.11
United Kingdom,1549,1058.55
United Kingdom,1550,1058
United Kingdom,1551,1060.59
United Kingdom,1552,1063.18
United Kingdom,1553,1065.79
United Kingdom,1554,1068.39
United Kingdom,1555,1071.01
United Kingdom,1556,1073.63
United Kingdom,1557,1076.26
United Kingdom,1558,1078.89
United Kingdom,1559,1081.53
United Kingdom,1560,1084.18
United Kingdom,1561,1086.83
United Kingdom,1562,1089.49
United Kingdom,1563,1092.15
United Kingdom,1564,1094.83
United Kingdom,1565,1097.51
United Kingdom,1566,1100.19
United Kingdom,1567,1102.88
United Kingdom,1568,1105.58
United Kingdom,1569,1108.29
United Kingdom,1570,1111
United Kingdom,1571,1110.02
United Kingdom,1572,1109.04
United Kingdom,1573,1108.07
United Kingdom,1574,1107.09
United Kingdom,1575,1106.11
United Kingdom,1576,1105.14
United Kingdom,1577,1104.16
United Kingdom,1578,1103.19
United Kingdom,1579,1102.22
United Kingdom,1580,1101.25
United Kingdom,1581,1100.28
United Kingdom,1582,1099.31
United Kingdom,1583,1098.34
United Kingdom,1584,1097.37
United Kingdom,1585,1096.4
United Kingdom,1586,1095.44
United Kingdom,1587,1094.47
United Kingdom,1588,1093.51
United Kingdom,1589,1092.54
United Kingdom,1590,1091.58
United Kingdom,1591,1090.62
United Kingdom,1592,1089.66
United Kingdom,1593,1088.7
United Kingdom,1594,1087.74
United Kingdom,1595,1086.78
United Kingdom,1596,1085.82
United Kingdom,1597,1084.87
United Kingdom,1598,1083.91
United Kingdom,1599,1082.95
United Kingdom,1600,1082
United Kingdom,1601,1081.75
United Kingdom,1602,1081.5
United Kingdom,1603,1081.24
United Kingdom,1604,1080.99
United Kingdom,1605,1080.74
United Kingdom,1606,1080.49
United Kingdom,1607,1080.24
United Kingdom,1608,1079.99
United Kingdom,1609,1079.73
United Kingdom,1610,1079.48
United Kingdom,1611,1079.23
United Kingdom,1612,1078.98
United Kingdom,1613,1078.73
United Kingdom,1614,1078.48
United Kingdom,1615,1078.23
United Kingdom,1616,1077.98
United Kingdom,1617,1077.72
United Kingdom,1618,1077.47
United Kingdom,1619,1077.22
United Kingdom,1620,1076.97
United Kingdom,1621,1076.72
United Kingdom,1622,1076.47
United Kingdom,1623,1076.22
United Kingdom,1624,1075.97
United Kingdom,1625,1075.72
United Kingdom,1626,1075.47
United Kingdom,1627,1075.22
United Kingdom,1628,1074.97
United Kingdom,1629,1074.72
United Kingdom,1630,1074.47
United Kingdom,1631,1074.22
United Kingdom,1632,1073.97
United Kingdom,1633,1073.72
United Kingdom,1634,1073.47
United Kingdom,1635,1073.22
United Kingdom,1636,1072.97
United Kingdom,1637,1072.72
United Kingdom,1638,1072.47
United Kingdom,1639,1072.22
United Kingdom,1640,1071.97
United Kingdom,1641,1071.72
United Kingdom,1642,1071.47
United Kingdom,1643,1071.22
United Kingdom,1644,1070.97
United Kingdom,1645,1070.72
United Kingdom,1646,1070.47
United Kingdom,1647,1070.22
United Kingdom,1648,1069.97
United Kingdom,1649,1069.72
United Kingdom,1650,1069.47
United Kingdom,1651,1076.92
United Kingdom,1652,1084.42
United Kingdom,1653,1091.97
United Kingdom,1654,1099.57
United Kingdom,1655,1107.23
United Kingdom,1656,1114.94
United Kingdom,1657,1122.7
United Kingdom,1658,1130.52
United Kingdom,1659,1138.39
United Kingdom,1660,1146.32
United Kingdom,1661,1154.3
United Kingdom,1662,1162.33
United Kingdom,1663,1170.43
United Kingdom,1664,1178.58
United Kingdom,1665,1186.78
United Kingdom,1666,1195.05
United Kingdom,1667,1203.37
United Kingdom,1668,1211.74
United Kingdom,1669,1220.18
United Kingdom,1670,1228.68
United Kingdom,1671,1237.23
United Kingdom,1672,1245.85
United Kingdom,1673,1254.52
United Kingdom,1674,1263.26
United Kingdom,1675,1272.05
United Kingdom,1676,1280.91
United Kingdom,1677,1289.83
United Kingdom,1678,1298.81
United Kingdom,1679,1307.85
United Kingdom,1680,1316.96
United Kingdom,1681,1326.13
United Kingdom,1682,1335.36
United Kingdom,1683,1344.66
United Kingdom,1684,1354.02
United Kingdom,1685,1363.45
United Kingdom,1686,1372.94
United Kingdom,1687,1382.5
United Kingdom,1688,1392.13
United Kingdom,1689,1401.82
United Kingdom,1690,1411.58
United Kingdom,1691,1421.41
United Kingdom,1692,1431.3
United Kingdom,1693,1441.27
United Kingdom,1694,1451.31
United Kingdom,1695,1461.41
United Kingdom,1696,1471.59
United Kingdom,1697,1481.83
United Kingdom,1698,1492.15
United Kingdom,1699,1502.54
United Kingdom,1700,1513
United Kingdom,1701,1638.64
United Kingdom,1702,1585.12
United Kingdom,1703,1470.85
United Kingdom,1704,1742.58
United Kingdom,1705,1650.1
United Kingdom,1706,1392.8
United Kingdom,1707,1559.1
United Kingdom,1708,1653.81
United Kingdom,1709,1429.47
United Kingdom,1710,1295.9
United Kingdom,1711,1414.57
United Kingdom,1712,1415.98
United Kingdom,1713,1352.86
United Kingdom,1714,1482.76
United Kingdom,1715,1439.5
United Kingdom,1716,1484.89
United Kingdom,1717,1557.96
United Kingdom,1718,1634.84
United Kingdom,1719,1595.27
United Kingdom,1720,1702.69
United Kingdom,1721,1638.08
United Kingdom,1722,1653.98
United Kingdom,1723,1608.21
United Kingdom,1724,1586.51
United Kingdom,1725,1621.85
United Kingdom,1726,1558.48
United Kingdom,1727,1539.94
United Kingdom,1728,1602.39
United Kingdom,1729,1537.98
United Kingdom,1730,1592.56
United Kingdom,1731,1568.43
United Kingdom,1732,1665.33
United Kingdom,1733,1693.24
United Kingdom,1734,1669.79
United Kingdom,1735,1615.67
United Kingdom,1736,1722.03
United Kingdom,1737,1619.93
United Kingdom,1738,1642.65
United Kingdom,1739,1621.3
United Kingdom,1740,1585.41
United Kingdom,1741,1627.83
United Kingdom,1742,1682.74
United Kingdom,1743,1643.7
United Kingdom,1744,1609.56
United Kingdom,1745,1616.58
United Kingdom,1746,1657.23
United Kingdom,1747,1725
United Kingdom,1748,1702.54
United Kingdom,1749,1681.67
United Kingdom,1750,1694.66
United Kingdom,1751,1647.84
United Kingdom,1752,1718.3
United Kingdom,1753,1721.13
United Kingdom,1754,1661.3
United Kingdom,1755,1700.16
United Kingdom,1756,1658.27
United Kingdom,1757,1746.54
United Kingdom,1758,1766.48
United Kingdom,1759,1788.24
United Kingdom,1760,1829.4
United Kingdom,1761,1889.27
United Kingdom,1762,1829.92
United Kingdom,1763,1828.11
United Kingdom,1764,1818.53
United Kingdom,1765,1789.98
United Kingdom,1766,1805.85
United Kingdom,1767,1814.02
United Kingdom,1768,1826.15
United Kingdom,1769,1916.96
United Kingdom,1770,1851.84
United Kingdom,1771,1874.81
United Kingdom,1772,1813.49
United Kingdom,1773,1831.82
United Kingdom,1774,1778.4
United Kingdom,1775,1816.34
United Kingdom,1776,1857.74
United Kingdom,1777,1893.33
United Kingdom,1778,1860.84
United Kingdom,1779,1838.77
United Kingdom,1780,1912.73
United Kingdom,1781,1945.92
United Kingdom,1782,1912.06
United Kingdom,1783,1898.63
United Kingdom,1784,1888.3
United Kingdom,1785,1857.79
United Kingdom,1786,1870.43
United Kingdom,1787,1818
United Kingdom,1788,1795.48
United Kingdom,1789,1811.59
United Kingdom,1790,1927.11
United Kingdom,1791,1911.38
United Kingdom,1792,1965.61
United Kingdom,1793,1913.71
United Kingdom,1794,1835.53
United Kingdom,1795,2012.06
United Kingdom,1796,2027.9
United Kingdom,1797,1987.07
United Kingdom,1798,1983.31
United Kingdom,1799,2011.82
United Kingdom,1800,2097.02
United Kingdom,1801,2101.53
United Kingdom,1802,2108.05
United Kingdom,1803,2039.95
United Kingdom,1804,2009.99
United Kingdom,1805,2100.5
United Kingdom,1806,2062.17
United Kingdom,1807,2166.86
United Kingdom,1808,2038.88
United Kingdom,1809,2075.63
United Kingdom,1810,2181.73
United Kingdom,1811,2130.91
United Kingdom,1812,2012.17
United Kingdom,1813,2088.21
United Kingdom,1814,2010.19
United Kingdom,1815,2188.83
United Kingdom,1816,2039.49
United Kingdom,1817,2041.29
United Kingdom,1818,2008.32
United Kingdom,1819,1946.97
United Kingdom,1820,2073.85
United Kingdom,1821,2074.97
United Kingdom,1822,2080.18
United Kingdom,1823,2107.5
United Kingdom,1824,2190.73
United Kingdom,1825,2209.43
United Kingdom,1826,2063.91
United Kingdom,1827,2194.69
United Kingdom,1828,2170.64
United Kingdom,1829,2159.53
United Kingdom,1830,2227.31
United Kingdom,1831,2224.17
United Kingdom,1832,2266.33
United Kingdom,1833,2258.11
United Kingdom,1834,2283.29
United Kingdom,1835,2422.15
United Kingdom,1836,2470.17
United Kingdom,1837,2419.71
United Kingdom,1838,2485.58
United Kingdom,1839,2435.12
United Kingdom,1840,2521.02
United Kingdom,1841,2443.11
United Kingdom,1842,2389.36
United Kingdom,1843,2477.8
United Kingdom,1844,2663.36
United Kingdom,1845,2752.13
United Kingdom,1846,2719.35
United Kingdom,1847,2656.44
United Kingdom,1848,2735.72
United Kingdom,1849,2774.2
United Kingdom,1850,2330
United Kingdom,1851,2450.81
United Kingdom,1852,2480.43
United Kingdom,1853,2555.45
United Kingdom,1854,2602.49
United Kingdom,1855,2570.78
United Kingdom,1856,2729.64
United Kingdom,1857,2757.29
United Kingdom,1858,2742.31
United Kingdom,1859,2790.09
United Kingdom,1860,2830.24
United Kingdom,1861,2884.06
United Kingdom,1862,2880.17
United Kingdom,1863,2880.66
United Kingdom,1864,2935.46
United Kingdom,1865,3000.96
United Kingdom,1866,3023.06
United Kingdom,1867,2968.24
United Kingdom,1868,3036.63
United Kingdom,1869,3030.78
United Kingdom,1870,3190.43
United Kingdom,1871,3331.88
United Kingdom,1872,3319.17
United Kingdom,1873,3364.7
United Kingdom,1874,3386.44
United Kingdom,1875,3433.67
United Kingdom,1876,3430.16
United Kingdom,1877,3425.2
United Kingdom,1878,3402.5
United Kingdom,1879,3352.51
United Kingdom,1880,3477.32
United Kingdom,1881,3568.43
United Kingdom,1882,3643.04
United Kingdom,1883,3643.31
United Kingdom,1884,3621.65
United Kingdom,1885,3573.68
United Kingdom,1886,3600.02
United Kingdom,1887,3713.15
United Kingdom,1888,3849.1
United Kingdom,1889,4023.77
United Kingdom,1890,4008.79
United Kingdom,1891,3975.17
United Kingdom,1892,3846.32
United Kingdom,1893,3810.74
United Kingdom,1894,4028.89
United Kingdom,1895,4117.7
United Kingdom,1896,4248.56
United Kingdom,1897,4263.51
United Kingdom,1898,4427.72
United Kingdom,1899,4566.95
United Kingdom,1900,4491.81
United Kingdom,1901,4450.4
United Kingdom,1902,4525.28
United Kingdom,1903,4439.62
United Kingdom,1904,4427.94
United Kingdom,1905,4520.48
United Kingdom,1906,4631.09
United Kingdom,1907,4678.58
United Kingdom,1908,4449.19
United Kingdom,1909,4510.52
United Kingdom,1910,4610.78
United Kingdom,1911,4708.9
United Kingdom,1912,4761.75
United Kingdom,1913,4920.55
United Kingdom,1914,4926.58
United Kingdom,1915,5288.27
United Kingdom,1916,5384.38
United Kingdom,1917,5421.02
United Kingdom,1918,5459.31
United Kingdom,1919,4870.41
United Kingdom,1920,4547.91
United Kingdom,1921,4439.15
United Kingdom,1922,4636.94
United Kingdom,1923,4759.71
United Kingdom,1924,4920.94
United Kingdom,1925,5144.49
United Kingdom,1926,4936.11
United Kingdom,1927,5314.94
United Kingdom,1928,5356.97
United Kingdom,1929,5503.32
United Kingdom,1930,5440.86
United Kingdom,1931,5138.42
United Kingdom,1932,5148.25
United Kingdom,1933,5277.46
United Kingdom,1934,5607.51
United Kingdom,1935,5799.01
United Kingdom,1936,6035.17
United Kingdom,1937,6217.62
United Kingdom,1938,6266.45
United Kingdom,1939,6262.4
United Kingdom,1940,6856
United Kingdom,1941,7481.68
United Kingdom,1942,7638.87
United Kingdom,1943,7743.7
United Kingdom,1944,7405.39
United Kingdom,1945,7056.13
United Kingdom,1946,6745.34
United Kingdom,1947,6604.41
United Kingdom,1948,6745.64
United Kingdom,1949,6955.69
United Kingdom,1950,6939.37
United Kingdom,1951,7123.36
United Kingdom,1952,7090.72
United Kingdom,1953,7345.8
United Kingdom,1954,7619.21
United Kingdom,1955,7868.13
United Kingdom,1956,7928.75
United Kingdom,1957,8017.01
United Kingdom,1958,7965.81
United Kingdom,1959,8239.8
United Kingdom,1960,8645.23
United Kingdom,1961,8856.67
United Kingdom,1962,8865.38
United Kingdom,1963,9149.18
United Kingdom,1964,9567.97
United Kingdom,1965,9751.54
United Kingdom,1966,9885.31
United Kingdom,1967,10048.89
United Kingdom,1968,10409.95
United Kingdom,1969,10551.68
United Kingdom,1970,10767.47
United Kingdom,1971,10941.47
United Kingdom,1972,11293.92
United Kingdom,1973,12025.28
United Kingdom,1974,11858.9
United Kingdom,1975,11847.09
United Kingdom,1976,12114.95
United Kingdom,1977,12383.61
United Kingdom,1978,12827.83
United Kingdom,1979,13167.28
United Kingdom,1980,12931.49
United Kingdom,1981,12747.43
United Kingdom,1982,12954.65
United Kingdom,1983,13404.47
United Kingdom,1984,13720.06
United Kingdom,1985,14164.55
United Kingdom,1986,14741.82
United Kingdom,1987,15393.44
United Kingdom,1988,16110
United Kingdom,1989,16413.72
United Kingdom,1990,16429.91
United Kingdom,1991,16155.29
United Kingdom,1992,16133.49
United Kingdom,1993,16458.3
United Kingdom,1994,17117.94
United Kingdom,1995,17585.53
United Kingdom,1996,18044
United Kingdom,1997,19115.07
United Kingdom,1998,19724.09
United Kingdom,1999,20269.48
United Kingdom,2000,21045.72
United Kingdom,2001,21567.35
United Kingdom,2002,22008.01
United Kingdom,2003,22762.77
United Kingdom,2004,23306.56
United Kingdom,2005,23810.43
United Kingdom,2006,24285.28
United Kingdom,2007,25002.12
United Kingdom,2008,24602.13
United Kingdom,2009,23489.36
United Kingdom,2010,23777.16
United Kingdom,2011,24110.82
United Kingdom,2012,24260.14
United Kingdom,2013,24647.92
United Kingdom,2014,25212.93
United Kingdom,2015,25661.19
